scaled_hash_forward,scaled_hash_reverse,original_hash_forward,original_hash_reverse,family_label,class_name,raw_row_count,old_grouped_split_code,old_grouped_split,new_grouped_split_code,new_grouped_split,rows_moved,file_ids
-9213394505299837696,-6834264097907828785,-5741751476285114201,-331635361357168030,0,benign,1,2,test,0,train,1,51
-9213394505299837696,-6834264097907828785,3420297492825406436,2405493446584234285,0,benign,1,0,train,0,train,0,23
-9213394505299837696,-6834264097907828785,3661831331817264115,-7104228671391032084,0,benign,1,0,train,0,train,0,23
-9160395400199057388,-7005972129515166415,-6930340750596604321,7726351781138580599,0,benign,1,2,test,1,validation,1,51
-9160395400199057388,-7005972129515166415,-6924794340533282560,-3529739334886429034,0,benign,1,1,validation,1,validation,0,51
-9160395400199057388,-7005972129515166415,4725827037489739141,-8583639962672418845,0,benign,1,1,validation,1,validation,0,23
-9147699221050008870,3289709754299046669,4266236303940692229,2119497438147217536,0,benign,1,0,train,2,test,1,62
-9147699221050008870,3289709754299046669,6084035581364304943,-2700812737549184154,0,benign,1,2,test,2,test,0,62
-9063529385135273490,1871290549217406990,-6099734215133995754,2367846053171198758,0,benign,1,0,train,1,validation,1,23
-9063529385135273490,1871290549217406990,-3929059453376077268,1201012714015681426,0,benign,1,1,validation,1,validation,0,23
-9052982912672357182,-8130952027132417218,-6638084237336518098,927438647205627052,0,benign,1,0,train,0,train,0,23
-9052982912672357182,-8130952027132417218,-5152934188076456658,4870739452205680071,0,benign,1,2,test,0,train,1,51
-9052982912672357182,-8130952027132417218,-3587285546699617238,-7230486946846704398,0,benign,1,0,train,0,train,0,51
-9052982912672357182,-8130952027132417218,-3323536168596097809,7713648660172584492,0,benign,1,1,validation,0,train,1,23
-9047558144946802343,3124668456651035519,-8856584338606493993,5560239887903434559,0,benign,1,1,validation,1,validation,0,23
-9047558144946802343,3124668456651035519,-7644269343886360045,1151653669289847123,0,benign,1,0,train,1,validation,1,23
-8983165119275289323,8244531709658105962,-8088219894102646646,-6073066424512717545,0,benign,1,1,validation,0,train,1,23
-8983165119275289323,8244531709658105962,-7921675277276473943,-5309982110375376211,0,benign,1,0,train,0,train,0,51
-8983165119275289323,8244531709658105962,2043977545226855974,7145082360347550150,0,benign,1,0,train,0,train,0,23
-8983165119275289323,8244531709658105962,3309428057053654542,7099694348990862176,0,benign,1,0,train,0,train,0,23
-8983165119275289323,8244531709658105962,4611979308658683918,761717772602360917,0,benign,1,0,train,0,train,0,23
-8948315669206181992,4929789829473540651,-7396294738008976861,6524922006050809815,0,benign,1,1,validation,2,test,1,23
-8948315669206181992,4929789829473540651,7033616437486774092,6118853698992289973,0,benign,1,2,test,2,test,0,23
-8948315669206181992,4929789829473540651,7585242853174147512,2163945794873070499,0,benign,1,0,train,2,test,1,23
-8793867354144076653,-4399420362419626503,3048741713146929819,6867555467841441285,0,benign,1,0,train,0,train,0,23
-8793867354144076653,-4399420362419626503,5366773824374585473,7845778689082532925,0,benign,1,2,test,0,train,1,23
-8793867354144076653,-4399420362419626503,6446370524471386692,210427122253839842,0,benign,1,0,train,0,train,0,23
-8774712778846215240,2665111418892016611,-7043105445453065622,-3005687521040015764,0,benign,1,1,validation,1,validation,0,51
-8774712778846215240,2665111418892016611,-4619785309317434484,7127510474749354030,0,benign,1,1,validation,1,validation,0,23
-8774712778846215240,2665111418892016611,-4250703997476471769,116478882581010716,0,benign,1,0,train,1,validation,1,51
-8774712778846215240,2665111418892016611,8247034021972711690,-601191339460613434,0,benign,1,0,train,1,validation,1,23
-8706433487903546899,-690266077489828114,8226658391387329717,985126164211140228,0,benign,1,1,validation,0,train,1,51
-8706433487903546899,-690266077489828114,8329041866433058383,2282380198259187403,0,benign,1,0,train,0,train,0,51
-8706433487903546899,-690266077489828114,8431454578916396019,-5665009237874460407,0,benign,1,0,train,0,train,0,23
-8678958261824238239,-7376887643808633808,-598858928662433214,-6775510253579065034,0,benign,1,0,train,2,test,1,23
-8678958261824238239,-7376887643808633808,2037006889949867545,-1222339652031282668,0,benign,1,2,test,2,test,0,51
-8678958261824238239,-7376887643808633808,8523762176813234171,-5408527448122949949,0,benign,1,1,validation,2,test,1,23
-8612204577689947007,-96679432190468693,-6823569079928674059,-2265681464654713443,0,benign,1,0,train,0,train,0,23
-8612204577689947007,-96679432190468693,-3276396568190713931,5129806456760290257,0,benign,1,2,test,0,train,1,51
-8612204577689947007,-96679432190468693,4339980090266662596,3443025834180756321,0,benign,1,0,train,0,train,0,23
-8612204577689947007,-96679432190468693,6077789666135770239,5355682089085337621,0,benign,1,0,train,0,train,0,23
-8585666679295132102,-4298090227751724197,285532518212811044,1404882176834463565,0,benign,1,0,train,2,test,1,23
-8585666679295132102,-4298090227751724197,6508886830255707471,3258610962654226855,0,benign,1,2,test,2,test,0,23
-8583453634083370586,-1875699319078042255,-477501398525163199,784146006002317206,0,benign,1,1,validation,1,validation,0,51
-8583453634083370586,-1875699319078042255,2060713942798149221,7313574612822644942,0,benign,1,0,train,1,validation,1,23
-8515737040399017988,2735898507879412481,1543933715576888221,-6182995083593434925,0,benign,1,0,train,1,validation,1,23
-8515737040399017988,2735898507879412481,1815148355586477549,4132275698551903352,0,benign,1,1,validation,1,validation,0,23
-8511243486617344871,-887193326145992492,-4617902167275318986,5720328768193517591,0,benign,1,0,train,0,train,0,23
-8511243486617344871,-887193326145992492,-3332602103685042849,-1268411172144724117,0,benign,1,2,test,0,train,1,23
-8511243486617344871,-887193326145992492,4608813538890689598,3134711664429951613,0,benign,1,0,train,0,train,0,23
-8511243486617344871,-887193326145992492,9062569061837063916,8095807814464500493,0,benign,1,0,train,0,train,0,23
-8501412961558604825,5686038445410455063,1962440435083979011,2830341992930421290,0,benign,1,1,validation,1,validation,0,23
-8501412961558604825,5686038445410455063,8371021262331675348,-4515270727069535026,0,benign,1,0,train,1,validation,1,23
-8376408047792081421,-4947615222909233620,-9049092539847006297,3298254152873389580,0,benign,1,2,test,2,test,0,23
-8376408047792081421,-4947615222909233620,5927930994923111258,-6695993690918802176,0,benign,1,1,validation,2,test,1,51
-8370844627202464888,-7332250528181823941,-1122089180452859386,-2772963550219251702,0,benign,1,1,validation,1,validation,0,23
-8370844627202464888,-7332250528181823941,-568423224384457930,-43727458432439489,0,benign,1,0,train,1,validation,1,23
-8303524020028425571,-5720348129199287568,-3789399350143504626,6657817339516860817,0,benign,1,0,train,2,test,1,62
-8303524020028425571,-5720348129199287568,7341941972769015308,3702177269303446218,0,benign,1,2,test,2,test,0,62
-8245914633302933703,-1723144718182820717,-7733833625587372679,5173095715251296896,0,benign,1,0,train,2,test,1,23
-8245914633302933703,-1723144718182820717,990980716650601561,6204112111538122984,0,benign,1,2,test,2,test,0,23
-8159370588301640025,5124743804223581594,-8087179920691252674,-8626773890533545414,0,benign,1,2,test,2,test,0,23
-8159370588301640025,5124743804223581594,-5338799404467782869,3196506109431775802,0,benign,1,0,train,2,test,1,51
-8159370588301640025,5124743804223581594,-3666365866448383090,7207479089881324109,0,benign,1,2,test,2,test,0,51
-8159370588301640025,5124743804223581594,6330199010397717549,-3338115412502364342,0,benign,1,0,train,2,test,1,51
-8106390282313255820,-3825455049553781994,-295493278052331112,8144585901695407497,0,benign,1,0,train,2,test,1,23
-8106390282313255820,-3825455049553781994,6609565649374695287,-5800344681479995190,0,benign,1,2,test,2,test,0,23
-8098418706741059578,8909954725936220899,-1173346801970830827,-1507775118716197474,0,benign,1,0,train,2,test,1,23
-8098418706741059578,8909954725936220899,5101508978247881255,-8601901801279062675,0,benign,1,2,test,2,test,0,51
-8088760479071342733,2842777015338142648,-5222600118024814774,-443410918704567107,0,benign,1,2,test,2,test,0,51
-8088760479071342733,2842777015338142648,2980363268583409519,5167818704180154554,0,benign,1,0,train,2,test,1,51
-8074425081181623041,8442308762932329033,1870501917162929030,1148752348702054991,0,benign,1,0,train,2,test,1,51
-8074425081181623041,8442308762932329033,3726088346699239635,-5744213039946217502,0,benign,1,2,test,2,test,0,51
-7965223503763456434,-1376326222911159960,-6464050522675022863,1116141624130699444,0,benign,1,0,train,0,train,0,51
-7965223503763456434,-1376326222911159960,5993882399362270892,-6550991443806446510,0,benign,1,0,train,0,train,0,51
-7965223503763456434,-1376326222911159960,8355184873266680325,7459069548863881903,0,benign,1,2,test,0,train,1,51
-7932418801189549252,-973492051468658887,-8272464237808244354,591114690002203008,0,benign,1,0,train,0,train,0,23
-7932418801189549252,-973492051468658887,2402787116776286026,-7663574045480640416,0,benign,1,0,train,0,train,0,51
-7932418801189549252,-973492051468658887,3174024158782396854,-9214922127653806428,0,benign,1,0,train,0,train,0,23
-7932418801189549252,-973492051468658887,6960295947898217109,-3190124671316707395,0,benign,1,0,train,0,train,0,23
-7932418801189549252,-973492051468658887,8580656058021201860,335636801518962254,0,benign,1,2,test,0,train,1,51
-7764388072391430861,-3863795483543789187,-4964626087632921551,-1114742334460588275,0,benign,1,1,validation,0,train,1,23
-7764388072391430861,-3863795483543789187,-166647862438172342,4703681446134283850,0,benign,1,0,train,0,train,0,23
-7764388072391430861,-3863795483543789187,3239505321530789983,-33302390505537825,0,benign,1,0,train,0,train,0,23
-7764388072391430861,-3863795483543789187,7982853459891995931,-418028885064467542,0,benign,1,0,train,0,train,0,23
-7738491500005211810,-157229704906999818,-7939199950506391759,2848925518753271417,0,benign,1,2,test,0,train,1,51
-7738491500005211810,-157229704906999818,-4619994182230876108,-6724286366748900429,0,benign,1,0,train,0,train,0,51
-7738491500005211810,-157229704906999818,7302836033555655967,-9060580148255797427,0,benign,1,0,train,0,train,0,51
-7613170883450305267,4921598615668790924,-8127352992845550031,1857516689315895700,0,benign,1,1,validation,2,test,1,62
-7613170883450305267,4921598615668790924,1343214617928407785,763146132358595851,0,benign,1,2,test,2,test,0,62
-7610781991741689231,-7494963045847593653,-6449040119285502343,-2052014522495248241,0,benign,1,0,train,0,train,0,51
-7610781991741689231,-7494963045847593653,-3368078820022052102,-4899592281518878883,0,benign,1,0,train,0,train,0,23
-7610781991741689231,-7494963045847593653,8095162294089954977,-2751402535820443709,0,benign,1,2,test,0,train,1,51
-7502919579736792063,1512260460603743888,-3424802479119162436,-3081735735928445766,0,benign,1,1,validation,0,train,1,23
-7502919579736792063,1512260460603743888,-1329839229189540633,2393237642111276163,0,benign,1,0,train,0,train,0,23
-7502919579736792063,1512260460603743888,6854534821337850401,7576268098194415809,0,benign,1,0,train,0,train,0,23
-7502919579736792063,1512260460603743888,7111678436227919307,-6236568211228404404,0,benign,1,0,train,0,train,0,51
-7465903924219014437,2199343521317320369,-6102989633812336695,8277612710687569290,0,benign,1,2,test,2,test,0,51
-7465903924219014437,2199343521317320369,-3638030544814726483,8245153409994841095,0,benign,1,0,train,2,test,1,23
-7329611788730853132,8054129771927191490,-5367966622233578299,6607305063659706676,0,benign,1,0,train,0,train,0,51
-7329611788730853132,8054129771927191490,-2394322646387914655,-4636707489958890860,0,benign,1,0,train,0,train,0,23
-7329611788730853132,8054129771927191490,1132703082892884816,4420642588245239864,0,benign,1,2,test,0,train,1,51
-7329611788730853132,8054129771927191490,3027841114587493841,-3502313493265884435,0,benign,1,2,test,0,train,1,23
-7329611788730853132,8054129771927191490,3543855403628204193,474169872342271512,0,benign,1,0,train,0,train,0,51
-7329611788730853132,8054129771927191490,4404432351075720025,-1949426355371791294,0,benign,1,0,train,0,train,0,23
-7329611788730853132,8054129771927191490,6395165514362544423,-5792181015645027594,0,benign,1,0,train,0,train,0,51
-7243291098986038968,3657807225094051859,-4326298972156739721,6627538658072045308,0,benign,1,2,test,2,test,0,51
-7243291098986038968,3657807225094051859,4135603921793755104,3811483525737789661,0,benign,1,0,train,2,test,1,51
-7203622482145243152,-8869755785102301297,6255486299034007401,8856550424374968849,0,benign,1,0,train,2,test,1,23
-7203622482145243152,-8869755785102301297,9154627655729881755,7798363859026780388,0,benign,1,2,test,2,test,0,23
-7196651940912920038,7550019780706364860,3828631327674904829,-221172887588821999,0,benign,1,0,train,0,train,0,23
-7196651940912920038,7550019780706364860,8394036643825915287,7141881423969457329,0,benign,1,0,train,0,train,0,51
-7196651940912920038,7550019780706364860,8657463027120844939,-3236626698156540931,0,benign,1,2,test,0,train,1,23
-7170126393729603389,2546940023737452434,-2105450191220632618,-7238704184165629442,0,benign,1,1,validation,0,train,1,23
-7170126393729603389,2546940023737452434,-1466561996584559096,-168844920271774103,0,benign,1,2,test,0,train,1,51
-7170126393729603389,2546940023737452434,1749238628323024833,3156204966935309990,0,benign,1,0,train,0,train,0,23
-7170126393729603389,2546940023737452434,5718419646964621925,6615890252859786832,0,benign,1,0,train,0,train,0,51
-7170126393729603389,2546940023737452434,9020778438482892075,-22908112917604979,0,benign,1,0,train,0,train,0,23
-7127356947780670221,6192766684985077998,-9053043210865088387,8339881838906082576,0,benign,1,0,train,2,test,1,23
-7127356947780670221,6192766684985077998,9066887558675605981,-6281537860769262746,0,benign,1,2,test,2,test,0,23
-7115303315281717288,2225875870612568346,-3829236185763454955,4623613944200731901,0,benign,1,0,train,0,train,0,23
-7115303315281717288,2225875870612568346,-2438187862177990783,-3667369217347853206,0,benign,1,0,train,0,train,0,51
-7115303315281717288,2225875870612568346,-2036735247239871545,-7471203247927005788,0,benign,1,0,train,0,train,0,51
-7115303315281717288,2225875870612568346,1058115790858126433,-121696924074546748,0,benign,1,0,train,0,train,0,23
-7115303315281717288,2225875870612568346,1058449659485434812,-1680317518554535554,0,benign,1,0,train,0,train,0,23
-7115303315281717288,2225875870612568346,5350203235835107153,7203705110190831497,0,benign,1,1,validation,0,train,1,51
-7115303315281717288,2225875870612568346,6204385912602925845,-8426847172155611267,0,benign,1,0,train,0,train,0,51
-7075024236021052038,2274869037123449408,-7390848033768451854,5146547705919886381,0,benign,1,0,train,0,train,0,23
-7075024236021052038,2274869037123449408,-1329718715252358586,-2865829245178563801,0,benign,1,0,train,0,train,0,23
-7075024236021052038,2274869037123449408,7667901079734737903,-6156281809041267891,0,benign,1,2,test,0,train,1,23
-6985442337293940009,751083020769153689,-3649255039696676555,8809199603155198606,0,benign,1,0,train,2,test,1,23
-6985442337293940009,751083020769153689,8235964024902112641,7613374669538346590,0,benign,1,2,test,2,test,0,23
-6983698819320495641,7625325797777460887,728532511404001430,1032852511835358917,0,benign,1,0,train,2,test,1,23
-6983698819320495641,7625325797777460887,923937073049695237,1005790647066150745,0,benign,1,2,test,2,test,0,51
-6791894536423469779,7050304083328906884,-7107144787045393611,2635959412761202688,0,benign,1,0,train,1,validation,1,23
-6791894536423469779,7050304083328906884,-2631369072978961592,3704734013370884125,0,benign,1,1,validation,1,validation,0,23
-6682314822028905336,-6673592153648030592,-5582500338727715320,-8354815517579235628,0,benign,1,2,test,0,train,1,51
-6682314822028905336,-6673592153648030592,-5009409183938493137,1156600215668067619,0,benign,1,0,train,0,train,0,23
-6682314822028905336,-6673592153648030592,-4680057133453333508,797962657644457106,0,benign,1,1,validation,0,train,1,23
-6682314822028905336,-6673592153648030592,6163633213606121360,-8421166875098100896,0,benign,1,2,test,0,train,1,23
-6682314822028905336,-6673592153648030592,8109285141741428879,-4894676819638504236,0,benign,1,0,train,0,train,0,23
-6682314822028905336,-6673592153648030592,9157482237624150575,-1981515249530416035,0,benign,1,0,train,0,train,0,51
-6635622275446217611,294852485714087901,-6025389209741477242,-7928567509109974295,0,benign,1,1,validation,0,train,1,62
-6635622275446217611,294852485714087901,-4226235048622428043,-1626674087667548033,0,benign,1,0,train,0,train,0,62
-6635622275446217611,294852485714087901,5287346070113669931,-6438927302485248770,0,benign,1,0,train,0,train,0,62
-6631534881733298883,1294100716991375129,6235928157681631420,483316702197396914,0,benign,1,2,test,2,test,0,51
-6631534881733298883,1294100716991375129,8378320510678064230,6690549864143418982,0,benign,1,0,train,2,test,1,23
-6592347287506831344,222089808003253951,-6691442948704407015,719250305481504211,0,benign,1,0,train,2,test,1,23
-6592347287506831344,222089808003253951,-5670706537242760809,3902394770213222354,0,benign,1,2,test,2,test,0,23
-6592347287506831344,222089808003253951,1191240045959404980,1626155166329104037,0,benign,1,2,test,2,test,0,23
-6592347287506831344,222089808003253951,5648749882890986516,-7045999028531977032,0,benign,1,0,train,2,test,1,23
-6470756520861052393,-3855318261998124849,-1502905080618638029,-5320701766252024504,0,benign,1,2,test,2,test,0,23
-6470756520861052393,-3855318261998124849,9077048381382111372,3556635322599481285,0,benign,1,1,validation,2,test,1,51
-6453389729706512767,-8316645819162307475,-5774649136529184170,3580064341294471145,0,benign,1,0,train,0,train,0,23
-6453389729706512767,-8316645819162307475,939738220308062054,5507535643400595430,0,benign,1,0,train,0,train,0,51
-6453389729706512767,-8316645819162307475,8313438063947613292,-4188934308234820149,0,benign,1,1,validation,0,train,1,51
-6426681728151063229,7029553947285930953,-8846048626060339320,8492727944110230595,0,benign,1,0,train,2,test,1,51
-6426681728151063229,7029553947285930953,8288945617469596163,-667660229880762374,0,benign,1,2,test,2,test,0,23
-6411266859599272957,8547860340034121936,1520014331029815140,-8465029321258033386,0,benign,1,2,test,2,test,0,23
-6411266859599272957,8547860340034121936,4806094800689457888,7897575030860319281,0,benign,1,0,train,2,test,1,23
-6323813365801449777,1570042273588164081,-7283555302510480447,8686101985626101381,0,benign,1,2,test,2,test,0,23
-6323813365801449777,1570042273588164081,5441037121714074464,7350316006340380851,0,benign,1,0,train,2,test,1,51
-6302750286910485208,806070160851839328,5570408765407009737,-3673880360149486086,0,benign,1,0,train,1,validation,1,23
-6302750286910485208,806070160851839328,8372984458598628526,-3366877437603927417,0,benign,1,1,validation,1,validation,0,51
-6223274391672036201,-5083975071569259317,-5467765506526981399,-230579552558842543,0,benign,1,1,validation,2,test,1,62
-6223274391672036201,-5083975071569259317,1467224238013327111,524902328857236375,0,benign,1,2,test,2,test,0,62
-6139574574560413785,7933578146447362048,173993748374249742,4553977176971523720,0,benign,1,0,train,0,train,0,51
-6139574574560413785,7933578146447362048,2196547874631370937,-3599287444117392507,0,benign,1,0,train,0,train,0,23
-6139574574560413785,7933578146447362048,3471496699049159283,8813014629702941521,0,benign,1,0,train,0,train,0,51
-6139574574560413785,7933578146447362048,4960013499514064692,7808817622074041123,0,benign,1,0,train,0,train,0,51
-6139574574560413785,7933578146447362048,7565677890893130108,-108874377320671095,0,benign,1,2,test,0,train,1,23
-6125837202702471622,-102218895637482554,-8480476193571662548,-6776135385502042235,0,benign,1,1,validation,1,validation,0,51
-6125837202702471622,-102218895637482554,-4597153850159811932,-1150747338656711379,0,benign,1,0,train,1,validation,1,23
-6053094857704361073,9184502512584739558,-4938029781927197997,-2081253272320181257,0,benign,1,0,train,0,train,0,23
-6053094857704361073,9184502512584739558,-1250268764098013391,-3225196737146878197,0,benign,1,0,train,0,train,0,23
-6053094857704361073,9184502512584739558,2360431960695144219,6915215187751400897,0,benign,1,1,validation,0,train,1,23
-6053094857704361073,9184502512584739558,5544793902896238573,-4062134510493097148,0,benign,1,0,train,0,train,0,51
-6041639060239505705,-8645154496835471349,-6142191479145918061,799846895468897627,0,benign,1,0,train,0,train,0,51
-6041639060239505705,-8645154496835471349,-5597546184054062962,-6784160812206349395,0,benign,1,2,test,0,train,1,23
-6041639060239505705,-8645154496835471349,5769284956773144337,238302821218152713,0,benign,1,0,train,0,train,0,23
-6024845394454972548,-7110507723246390508,-8543179102630577725,-3241175470186803238,0,benign,1,0,train,2,test,1,51
-6024845394454972548,-7110507723246390508,5093499675595925569,8043813690130258549,0,benign,1,2,test,2,test,0,23
-5985606925581333383,-7940433013007905249,-4507262839588914285,6757286975291407779,0,benign,1,0,train,1,validation,1,51
-5985606925581333383,-7940433013007905249,-3858100578512809734,-8061722833992848025,0,benign,1,1,validation,1,validation,0,51
-5964827383836744753,-4174341501774499501,-7054414138401513401,-2702357537624874999,0,benign,1,0,train,0,train,0,23
-5964827383836744753,-4174341501774499501,-3197602313956922315,-4426463397674080258,0,benign,1,1,validation,0,train,1,23
-5964827383836744753,-4174341501774499501,880989921244775034,-1679629574956668579,0,benign,1,0,train,0,train,0,51
-5956462872864355276,-8656191402894766101,-7447059477530877495,1329549851326341017,0,benign,1,2,test,0,train,1,23
-5956462872864355276,-8656191402894766101,-3873189793481574715,-3197857486665351324,0,benign,1,0,train,0,train,0,23
-5956462872864355276,-8656191402894766101,-278619056675110037,5446920994439735477,0,benign,1,0,train,0,train,0,23
-5718707406185087614,8747936881313362488,-3781328863035031400,-1533581834774154682,0,benign,1,0,train,0,train,0,23
-5718707406185087614,8747936881313362488,3006390089581972338,4789650068134049481,0,benign,1,1,validation,0,train,1,23
-5718707406185087614,8747936881313362488,4001851444174373470,-325723133624968233,0,benign,1,0,train,0,train,0,51
-5696529707617343656,1354613217000796168,-7856615037854966510,3389679901875611989,0,benign,1,2,test,2,test,0,23
-5696529707617343656,1354613217000796168,734048554179946688,2464861510540378863,0,benign,1,1,validation,2,test,1,23
-5623787936648926614,5192755822447636059,-3284250632041034880,7123516201619330209,0,benign,1,2,test,0,train,1,62
-5623787936648926614,5192755822447636059,-2898918355378674607,-9076160315559369963,0,benign,1,0,train,0,train,0,62
-5623787936648926614,5192755822447636059,-752558669447070083,2703600506071910977,0,benign,1,0,train,0,train,0,62
-5535394801162362507,-381897062122244454,-5615973132719296212,5776128647220965047,0,benign,1,1,validation,0,train,1,51
-5535394801162362507,-381897062122244454,-484527298595624616,-6610789115021055199,0,benign,1,0,train,0,train,0,23
-5535394801162362507,-381897062122244454,-328238655708338041,-6370877311337424435,0,benign,1,0,train,0,train,0,51
-5535394801162362507,-381897062122244454,3132311910051090694,8430049091952536734,0,benign,1,1,validation,0,train,1,23
-5535394801162362507,-381897062122244454,3604584049652579287,6409378706905434581,0,benign,1,0,train,0,train,0,23
-5535394801162362507,-381897062122244454,8749666843314674316,805245782741653484,0,benign,1,0,train,0,train,0,23
-5373166115972368109,8363615163791543523,-8079845978336919247,4452959479305196966,0,benign,1,0,train,0,train,0,51
-5373166115972368109,8363615163791543523,-1313255795331745341,-6009144024966245542,0,benign,1,0,train,0,train,0,23
-5373166115972368109,8363615163791543523,1594390490888668165,-5444616339272888919,0,benign,1,1,validation,0,train,1,51
-5373166115972368109,8363615163791543523,4916923585890123184,7885734613818691378,0,benign,1,1,validation,0,train,1,23
-5373166115972368109,8363615163791543523,7920201233187280423,-4345070444949831760,0,benign,1,0,train,0,train,0,51
-5371778710624314399,-6564741368966506263,-2041047331676157925,226691310246671500,0,benign,1,0,train,2,test,1,51
-5371778710624314399,-6564741368966506263,-381990434804668163,7131163533291148555,0,benign,1,2,test,2,test,0,23
-5358645703379674975,5491350358097931798,-3894156560625580443,-3004187976247992312,0,benign,1,0,train,1,validation,1,23
-5358645703379674975,5491350358097931798,-3308997506110039349,-6972602862965134776,0,benign,1,1,validation,1,validation,0,51
-5336015891550243321,5675598107702469878,2784143552535511421,-4651051388279900923,0,benign,1,2,test,2,test,0,23
-5336015891550243321,5675598107702469878,4157838821468800275,-3574461834169345417,0,benign,1,0,train,2,test,1,51
-5309378978176180141,-595196030095878625,-7208485393466610253,3768075948542177917,0,benign,1,2,test,0,train,1,62
-5309378978176180141,-595196030095878625,1649854641658949591,1745340324927242969,0,benign,1,0,train,0,train,0,62
-5309378978176180141,-595196030095878625,4338631195760449444,6732908937715907382,0,benign,1,0,train,0,train,0,62
-5287106595775397234,5111564911629436443,-9058586820691543062,-7245249191806948901,0,benign,1,2,test,0,train,1,23
-5287106595775397234,5111564911629436443,-5101394322676565227,7042232934190843986,0,benign,1,0,train,0,train,0,51
-5287106595775397234,5111564911629436443,-966220427552353609,197299940120957538,0,benign,1,1,validation,0,train,1,23
-5287106595775397234,5111564911629436443,1034423095013545950,37895346382812133,0,benign,1,0,train,0,train,0,51
-5287106595775397234,5111564911629436443,2705919293072449884,-927431411924943633,0,benign,1,0,train,0,train,0,23
-5220906617733475208,-2327299315313879251,-7504734052777863830,-187722485396484928,0,benign,1,0,train,0,train,0,51
-5220906617733475208,-2327299315313879251,-5747532016288530445,7911679765269634500,0,benign,1,1,validation,0,train,1,23
-5220906617733475208,-2327299315313879251,-4172188726052458350,-1273832546159659085,0,benign,1,1,validation,0,train,1,23
-5220906617733475208,-2327299315313879251,-2100254750854017321,-1226896380639871474,0,benign,1,0,train,0,train,0,51
-5220906617733475208,-2327299315313879251,-1815526203650804981,-7175263413370018823,0,benign,1,0,train,0,train,0,51
-5040829350404825708,3381158999459731197,-6938586882298701497,8519197648476749970,0,benign,1,0,train,0,train,0,51
-5040829350404825708,3381158999459731197,-6597895586673864105,3459107660022698202,0,benign,1,2,test,0,train,1,23
-5040829350404825708,3381158999459731197,5882259439452295068,4086002935227501831,0,benign,1,0,train,0,train,0,23
-4998504985387858897,7488183549096641623,304945751146350320,-3522454727470985970,0,benign,1,0,train,1,validation,1,51
-4998504985387858897,7488183549096641623,8835493129309548707,-3079146036391154275,0,benign,1,1,validation,1,validation,0,51
-4910301806718711398,5007649208293618192,-3198600421311226392,-6841174473550298597,0,benign,1,2,test,2,test,0,23
-4910301806718711398,5007649208293618192,1812292571946874882,6057468728761324226,0,benign,1,0,train,2,test,1,51
-4865283699226768311,-425485334729653023,-4170866669231264880,-8550943440650980373,0,benign,1,0,train,1,validation,1,51
-4865283699226768311,-425485334729653023,1521676428885474865,7312576781123905029,0,benign,1,1,validation,1,validation,0,23
-4821468859218729730,-2761372073807148448,2780980181193600078,-1406686666559334244,0,benign,1,0,train,2,test,1,23
-4821468859218729730,-2761372073807148448,5636864715506099013,3180682394995160933,0,benign,1,2,test,2,test,0,51
-4819887421981645183,-9017944949174711753,-6741371104021689772,-5449459510076287253,0,benign,1,1,validation,0,train,1,23
-4819887421981645183,-9017944949174711753,203958742925823574,-232959858909534053,0,benign,1,0,train,0,train,0,23
-4819887421981645183,-9017944949174711753,342480914102278504,2408944945949556061,0,benign,1,0,train,0,train,0,51
-4774192870509419265,2248452145189529455,-6840216381600584911,3120909238250296933,0,benign,1,1,validation,0,train,1,51
-4774192870509419265,2248452145189529455,-6676713982643102672,-5534133805353467309,0,benign,1,0,train,0,train,0,51
-4774192870509419265,2248452145189529455,7731556182605748966,-6794821520481230157,0,benign,1,0,train,0,train,0,23
-4774192870509419265,2248452145189529455,9123255449516764904,-6702532887451208638,0,benign,1,0,train,0,train,0,23
-4761861513453353483,5945117542035382257,2779458486713579161,9080631670264175101,0,benign,1,0,train,2,test,1,23
-4761861513453353483,5945117542035382257,4580511877865372556,7402604354127894352,0,benign,1,2,test,2,test,0,51
-4754760180945805646,8355388646160446686,5275153258138589341,4367147121108375559,0,benign,1,0,train,2,test,1,23
-4754760180945805646,8355388646160446686,5339472251238348549,2723381435168850179,0,benign,1,2,test,2,test,0,51
-4674475460594447365,561039322900123712,1595969041517999093,-7273233816669790494,0,benign,1,0,train,1,validation,1,23
-4674475460594447365,561039322900123712,4773966409089013677,-4862402225135956109,0,benign,1,1,validation,1,validation,0,23
-4654805761333487027,7456904299503518595,2049225109211840088,3407568793305270510,0,benign,1,0,train,1,validation,1,23
-4654805761333487027,7456904299503518595,6386924402646629163,-3032955960126388230,0,benign,1,1,validation,1,validation,0,51
-4637534196551313690,1746389816775212018,-6530665024010625945,-9048249261418872298,0,benign,1,0,train,2,test,1,23
-4637534196551313690,1746389816775212018,2774160135869008040,-688005572506173722,0,benign,1,2,test,2,test,0,23
-4637534196551313690,1746389816775212018,8234879914544874085,3230877193276628201,0,benign,1,1,validation,2,test,1,23
-4581665373073618221,-1269532843454899611,-6109497576731843300,1736473458460389527,0,benign,1,0,train,2,test,1,51
-4581665373073618221,-1269532843454899611,4401787308371798595,-881929813472703489,0,benign,1,2,test,2,test,0,51
-4537605515739690543,819633972065796263,1786219489441046309,-3832973305386670495,0,benign,1,1,validation,0,train,1,12
-4537605515739690543,819633972065796263,5293260850463627286,1050106131715800862,0,benign,1,0,train,0,train,0,12
-4537605515739690543,819633972065796263,8630695834253893008,205037737380491225,0,benign,1,0,train,0,train,0,12
-4521751632260903354,-2215912038162347187,-1773922059420761795,-5951087956755763126,0,benign,1,0,train,1,validation,1,23
-4521751632260903354,-2215912038162347187,6800951497542530860,-5697116357977546358,0,benign,1,1,validation,1,validation,0,51
-4410251545369095407,-5238116161972374194,-7488926523567444157,-8334150930938355389,0,benign,1,1,validation,1,validation,0,23
-4410251545369095407,-5238116161972374194,5685539708302028330,-2184199032415259850,0,benign,1,0,train,1,validation,1,23
-4126856148117152958,-5627956957610082831,2543758044298490091,-7828927097921822455,0,benign,1,0,train,2,test,1,23
-4126856148117152958,-5627956957610082831,6858658420564647813,98793957006787260,0,benign,1,2,test,2,test,0,23
-4119531002091586834,7595691125812635179,-9110078297679704894,6462977425901266063,0,benign,1,1,validation,0,train,1,23
-4119531002091586834,7595691125812635179,-6055986592988416132,5054498903983508883,0,benign,1,0,train,0,train,0,23
-4119531002091586834,7595691125812635179,-1888969546255938089,8726039608948974920,0,benign,1,0,train,0,train,0,23
-4119531002091586834,7595691125812635179,5477405959479955832,-7563044600178452868,0,benign,1,0,train,0,train,0,51
-4093125538984875347,5313327877361205556,-9037631494409959279,-7662210748333440627,0,benign,1,0,train,1,validation,1,12
-4093125538984875347,5313327877361205556,3371828534982904006,9069726202936452948,0,benign,1,1,validation,1,validation,0,12
-4077429444311873375,7880646383866061640,-4977367627237567683,-3923251625500909503,0,benign,1,2,test,2,test,0,51
-4077429444311873375,7880646383866061640,930780239677856675,4480108415690804197,0,benign,1,0,train,2,test,1,23
-4048097379926713511,2099431168831262086,-4294264723709221630,40401881971600491,0,benign,1,0,train,0,train,0,23
-4048097379926713511,2099431168831262086,-735858563937638139,-9120735733634568072,0,benign,1,1,validation,0,train,1,23
-4048097379926713511,2099431168831262086,5968556942145409499,4574892509633247632,0,benign,1,0,train,0,train,0,23
-3997749996199775843,-6112037194752780315,5510992705726025399,-6058390156019135017,0,benign,1,0,train,2,test,1,23
-3997749996199775843,-6112037194752780315,7701192389591899378,-2678202013114233467,0,benign,1,2,test,2,test,0,23
-3908946793965737130,4179273563766748169,-7579044084773281115,1162909918001858569,0,benign,1,0,train,2,test,1,51
-3908946793965737130,4179273563766748169,1248946638264726731,6452536602248269953,0,benign,1,2,test,2,test,0,51
-3847351632230894368,7092483716750856546,-5866267650652854202,-7321734840317758161,0,benign,1,1,validation,1,validation,0,23
-3847351632230894368,7092483716750856546,-703097874653860884,1094718254579080258,0,benign,1,0,train,1,validation,1,51
-3847351632230894368,7092483716750856546,3602575503036580771,-1129581611654614826,0,benign,1,0,train,1,validation,1,51
-3847351632230894368,7092483716750856546,7852010937634492556,6090099349846284476,0,benign,1,1,validation,1,validation,0,51
-3793600132160837224,8686704977621206747,-2561864107611968054,-8556609757982772838,0,benign,1,1,validation,1,validation,0,23
-3793600132160837224,8686704977621206747,-1454026899287785068,6391720531283320237,0,benign,1,0,train,1,validation,1,23
-3778460789264253092,1690769159814132774,439552666490940060,4781162857545875486,0,benign,1,0,train,1,validation,1,23
-3778460789264253092,1690769159814132774,7216043744410757053,857074059350486173,0,benign,1,1,validation,1,validation,0,51
-3668113508394679421,-947711048755527524,-3665037586809150481,-7504868429834061243,0,benign,1,1,validation,1,validation,0,51
-3668113508394679421,-947711048755527524,1713274604789769095,9118962569252751226,0,benign,1,0,train,1,validation,1,23
-3602982802648023650,-8064819766902626380,-9200808423076200798,8922388918874681723,0,benign,1,0,train,0,train,0,23
-3602982802648023650,-8064819766902626380,4320320287514186300,-3532764203101089480,0,benign,1,2,test,0,train,1,23
-3602982802648023650,-8064819766902626380,6731942776339969806,2122246302121028522,0,benign,1,0,train,0,train,0,23
-3569898765494956017,-469344456741895997,-8823566135343623961,-7913845881363105941,0,benign,1,1,validation,1,validation,0,51
-3569898765494956017,-469344456741895997,8623104473409038003,-8970574961013583523,0,benign,1,0,train,1,validation,1,23
-3565662167601630717,-5421521233197924170,-9095916924957844019,8198106102159946032,0,benign,1,2,test,2,test,0,23
-3565662167601630717,-5421521233197924170,2947504339144647437,-6976821787117386677,0,benign,1,1,validation,2,test,1,51
-3549313269738271077,8714272116329209155,-3058123879542381110,1059777878801790941,0,benign,1,1,validation,0,train,1,23
-3549313269738271077,8714272116329209155,-1794792155774359208,-5573847001584401648,0,benign,1,0,train,0,train,0,23
-3549313269738271077,8714272116329209155,407898117742680103,-1334104134712013641,0,benign,1,0,train,0,train,0,23
-3549313269738271077,8714272116329209155,4332863677264872989,-537655969014408965,0,benign,1,0,train,0,train,0,23
-3535731881695211257,5238149402025009370,-3246296555157446256,2353567134012678284,0,benign,1,2,test,2,test,0,51
-3535731881695211257,5238149402025009370,3646272484464842606,1186443390795066155,0,benign,1,0,train,2,test,1,23
-3530922941115092782,1704228640746289063,-5900130470096674495,-5765876485365127640,0,benign,1,0,train,1,validation,1,62
-3530922941115092782,1704228640746289063,2054772968662266709,-8273198636351526117,0,benign,1,1,validation,1,validation,0,62
-3517907931864387969,6796339239473593563,-9043545928834268780,3032635715643220548,0,benign,1,0,train,0,train,0,23
-3517907931864387969,6796339239473593563,-6512858710752721221,5484192657931904418,0,benign,1,0,train,0,train,0,23
-3517907931864387969,6796339239473593563,7180646878000745452,-4495430458867502462,0,benign,1,1,validation,0,train,1,51
-3510651861281269838,1966172908852710651,-6852860136621813803,-292428696382618616,0,benign,1,2,test,2,test,0,23
-3510651861281269838,1966172908852710651,-2003251369514237964,-543578368627205983,0,benign,1,0,train,2,test,1,51
-3500470341947617212,-6043666600213382878,-76558065992082928,3888503448190073526,0,benign,1,0,train,1,validation,1,23
-3500470341947617212,-6043666600213382878,2059991911408662226,2176063301833751449,0,benign,1,1,validation,1,validation,0,23
-3484140047754978577,6766121652739819481,174378260031533661,2073584969192984205,0,benign,1,2,test,2,test,0,51
-3484140047754978577,6766121652739819481,4633479550433005748,-9027063562019208518,0,benign,1,0,train,2,test,1,23
-3457626233344705238,7051415061880167062,-1894011634494223896,-3538248827512745731,0,benign,1,2,test,2,test,0,23
-3457626233344705238,7051415061880167062,1996702014447033897,-4851319555886893059,0,benign,1,0,train,2,test,1,23
-3429349175924165292,7238943590919770294,-2826433078249803083,6644946349593443690,0,benign,1,0,train,1,validation,1,23
-3429349175924165292,7238943590919770294,9040905317208021322,-6164479526949231414,0,benign,1,1,validation,1,validation,0,23
-3402865713552482659,-6873301688341476796,-6451220733925811626,-5715899403549888446,0,benign,1,1,validation,0,train,1,51
-3402865713552482659,-6873301688341476796,-4730981532156462738,-4776353393430215318,0,benign,1,2,test,0,train,1,23
-3402865713552482659,-6873301688341476796,-2517005619062143098,-8774916984053831096,0,benign,1,0,train,0,train,0,23
-3402865713552482659,-6873301688341476796,-966331160564642695,4063476630572876107,0,benign,1,0,train,0,train,0,51
-3402865713552482659,-6873301688341476796,2769985010136584273,4141519886858731197,0,benign,1,0,train,0,train,0,51
-3402865713552482659,-6873301688341476796,7070292099832116767,-1599196195177810199,0,benign,1,0,train,0,train,0,23
-3338409344031829091,7441355935046438117,-4312559448956947435,5252446193433378312,0,benign,1,2,test,2,test,0,51
-3338409344031829091,7441355935046438117,-2825972179410450566,4317560507251776188,0,benign,1,0,train,2,test,1,23
-3338409344031829091,7441355935046438117,7836870952728647231,-6233317627346262840,0,benign,1,2,test,2,test,0,51
-3333151504914531732,-2208604442635830653,-4278795152154677229,-1456181254296075069,0,benign,1,0,train,0,train,0,51
-3333151504914531732,-2208604442635830653,8122927763667015098,2048231963930451466,0,benign,1,0,train,0,train,0,23
-3333151504914531732,-2208604442635830653,8578177654947809217,4987690614762191824,0,benign,1,1,validation,0,train,1,23
-3322943919432004583,-625904099795980954,-7945663549924913649,-7334551462223387283,0,benign,1,1,validation,0,train,1,23
-3322943919432004583,-625904099795980954,-1288084792480187727,119911038100969113,0,benign,1,0,train,0,train,0,23
-3322943919432004583,-625904099795980954,5538364344732776372,-2504473444426543731,0,benign,1,0,train,0,train,0,23
-3256225770653648771,1134822994351156557,436319912365952470,363521866661380875,0,benign,1,0,train,1,validation,1,23
-3256225770653648771,1134822994351156557,2015577760212249885,3418091169871398936,0,benign,1,1,validation,1,validation,0,23
-3222245078210253334,-4483321474577325143,1181851834206295618,-4065461019340822941,0,benign,1,0,train,1,validation,1,23
-3222245078210253334,-4483321474577325143,6041781420876557668,1648324181366129498,0,benign,1,1,validation,1,validation,0,23
-3163508955376092432,1034648835605355113,-7707213313555858503,7896635266340995515,0,benign,1,0,train,0,train,0,51
-3163508955376092432,1034648835605355113,-5138434902380348598,-2592704501581079041,0,benign,1,1,validation,0,train,1,23
-3163508955376092432,1034648835605355113,-1391639978555629890,2739891309169029736,0,benign,1,0,train,0,train,0,23
-3163508955376092432,1034648835605355113,1748686345197700975,-4242271014783517712,0,benign,1,0,train,0,train,0,23
-3163508955376092432,1034648835605355113,3929765891102101124,8050515676769840690,0,benign,1,2,test,0,train,1,23
-3163508955376092432,1034648835605355113,4491510894821108751,-1157755105050114765,0,benign,1,0,train,0,train,0,51
-3141166004791562882,-1369182948768003606,-653732581133906782,8811892002447722248,0,benign,1,1,validation,1,validation,0,23
-3141166004791562882,-1369182948768003606,5964981786025558712,8615288068123782364,0,benign,1,0,train,1,validation,1,23
-3140507930935318289,1377895023893335565,-2019079119478899831,4212109882903943787,0,benign,1,1,validation,1,validation,0,51
-3140507930935318289,1377895023893335565,-247888605510653568,-37891188859733108,0,benign,1,1,validation,1,validation,0,23
-3140507930935318289,1377895023893335565,5476153403201251545,4850608015258227325,0,benign,1,0,train,1,validation,1,23
-3131504194367617543,-85832766130524315,5173785976371423039,3576158748889753748,0,benign,1,2,test,2,test,0,23
-3131504194367617543,-85832766130524315,8406647318029599099,1133398460031916254,0,benign,1,0,train,2,test,1,51
-2933236374164559561,-8975717219590784731,-5560543450834442764,-9044913616208411022,0,benign,1,0,train,1,validation,1,23
-2933236374164559561,-8975717219590784731,-2509093122220753804,7555239009999557783,0,benign,1,1,validation,1,validation,0,23
-2933236374164559561,-8975717219590784731,3195702268033333080,6842155493558570662,0,benign,1,0,train,1,validation,1,23
-2933236374164559561,-8975717219590784731,4331182845320237262,-1216740439177742866,0,benign,1,1,validation,1,validation,0,51
-2857505147230733481,-8755724533195451684,-2400634655750406774,2116718258587873403,0,benign,1,0,train,1,validation,1,23
-2857505147230733481,-8755724533195451684,2078442843377299548,6433063059978193942,0,benign,1,1,validation,1,validation,0,51
-2822542753415204694,-7214643489838456279,-7198482230458863520,-6454234628512274259,0,benign,1,0,train,0,train,0,23
-2822542753415204694,-7214643489838456279,-7102683742102599729,-8652826084507626586,0,benign,1,2,test,0,train,1,23
-2822542753415204694,-7214643489838456279,4866941566981191464,8412899070398914729,0,benign,1,0,train,0,train,0,23
-2803556199987020800,-2634239244709779660,5709119695442297206,-5479950414201721422,0,benign,1,0,train,2,test,1,62
-2803556199987020800,-2634239244709779660,8507559596279119870,-904750864450119830,0,benign,1,2,test,2,test,0,62
-2754613376515779760,-7606363548111490516,-1441381015700010777,-660333718325204428,0,benign,1,1,validation,0,train,1,23
-2754613376515779760,-7606363548111490516,3181478054435290163,5640965899842230639,0,benign,1,0,train,0,train,0,23
-2754613376515779760,-7606363548111490516,4689601479347736170,-7951741423041117465,0,benign,1,0,train,0,train,0,51
-2753971811042252056,8358076648342449470,5746294081368911704,-8679811905045235722,0,benign,1,0,train,2,test,1,23
-2753971811042252056,8358076648342449470,7995316153829102629,5073926820515674393,0,benign,1,2,test,2,test,0,23
-2751283822495646679,4134466306567437462,-3634889802487823583,7173351672861996765,0,benign,1,1,validation,0,train,1,23
-2751283822495646679,4134466306567437462,138343803615169491,3381993824022239198,0,benign,1,0,train,0,train,0,23
-2751283822495646679,4134466306567437462,6891548909379177128,-2959793203662120580,0,benign,1,0,train,0,train,0,23
-2693893758905966939,-3129964948549748985,-8409142750511220755,6161502605441076866,0,benign,1,0,train,2,test,1,23
-2693893758905966939,-3129964948549748985,-7913605949431229005,-6534473904793664974,0,benign,1,0,train,2,test,1,51
-2693893758905966939,-3129964948549748985,1395757782255298946,-658962355895846274,0,benign,1,2,test,2,test,0,51
-2693893758905966939,-3129964948549748985,1734744762856873726,-7759798154088353372,0,benign,1,1,validation,2,test,1,51
-2693893758905966939,-3129964948549748985,2206207849343388551,-7393052394252287382,0,benign,1,1,validation,2,test,1,51
-2693893758905966939,-3129964948549748985,6012026536387537384,376383231115297525,0,benign,1,2,test,2,test,0,51
-2616027414443619856,5531292421539484440,-9108932092583380814,-420295290027645546,0,benign,1,1,validation,1,validation,0,23
-2616027414443619856,5531292421539484440,-7496284590738376622,-1149119895021087570,0,benign,1,0,train,1,validation,1,23
-2611584916608528871,1473630820201659597,-7377568629563385322,-2677058955972294964,0,benign,1,0,train,1,validation,1,51
-2611584916608528871,1473630820201659597,3488602714731309462,1577027032891449792,0,benign,1,1,validation,1,validation,0,51
-2588034234479174244,1041076569299805504,-5751761652461680138,-1213691274591613973,0,benign,1,2,test,2,test,0,23
-2588034234479174244,1041076569299805504,4626475233875833511,2578509868611510013,0,benign,1,0,train,2,test,1,51
-2561256939112047743,-1043315443113650826,-7979325060157657951,-5515101775056910190,0,benign,1,1,validation,0,train,1,23
-2561256939112047743,-1043315443113650826,-394658149717550962,8078778722949049368,0,benign,1,0,train,0,train,0,51
-2561256939112047743,-1043315443113650826,8071949776596461992,2096920281124368242,0,benign,1,0,train,0,train,0,23
-2550062050958724039,-7260281294700792588,-4405403748843679697,5592834483466087086,0,benign,1,1,validation,1,validation,0,23
-2550062050958724039,-7260281294700792588,2566545458704513438,-5381081739290884750,0,benign,1,0,train,1,validation,1,23
-2527160315926451782,-8731899542918073807,-8893436923532428921,3552707725635115130,0,benign,1,0,train,0,train,0,51
-2527160315926451782,-8731899542918073807,-7610767281306296294,8273400044785873771,0,benign,1,0,train,0,train,0,23
-2527160315926451782,-8731899542918073807,687773379366837914,-8951020000699712172,0,benign,1,2,test,0,train,1,51
-2527160315926451782,-8731899542918073807,4448711625994415723,8690668753991502924,0,benign,1,0,train,0,train,0,23
-2443579102905919865,7365093817213314876,-8631177686077702223,-2722975364048135260,0,benign,1,0,train,1,validation,1,23
-2443579102905919865,7365093817213314876,-61321768962800501,-196772586147883761,0,benign,1,1,validation,1,validation,0,51
-2333342958936704888,-6159445429295512835,5972438182379049471,2614568961079350930,0,benign,1,1,validation,0,train,1,23
-2333342958936704888,-6159445429295512835,6479977661961768534,6680534545101970192,0,benign,1,0,train,0,train,0,23
-2333342958936704888,-6159445429295512835,8059778429740246397,-9001131784838480779,0,benign,1,0,train,0,train,0,51
-2325331275621726515,-7151000430613321199,2023045359100660850,7397389439894926714,0,benign,1,2,test,2,test,0,23
-2325331275621726515,-7151000430613321199,8986382931801025208,3361465542038205869,0,benign,1,0,train,2,test,1,51
-2289729933339278694,4070889706741971277,-6019536521455526372,4712448061543261224,0,benign,1,0,train,0,train,0,51
-2289729933339278694,4070889706741971277,-5547630012082108756,-2526762055574105158,0,benign,1,2,test,0,train,1,51
-2289729933339278694,4070889706741971277,-163953154495908789,-2654713451343102598,0,benign,1,0,train,0,train,0,23
-2195451584942369019,-3577600587869891842,2649562529558547209,-1563071830017261615,0,benign,1,2,test,2,test,0,23
-2195451584942369019,-3577600587869891842,8307575286284021649,2654933014432648274,0,benign,1,0,train,2,test,1,51
-2168218788196117565,1703270485547126218,-4729541499614679142,5975683446555120323,0,benign,1,0,train,0,train,0,23
-2168218788196117565,1703270485547126218,-2958707123896193295,6038016384355008244,0,benign,1,0,train,0,train,0,51
-2168218788196117565,1703270485547126218,995653796969948317,-8007940713881710546,0,benign,1,0,train,0,train,0,23
-2168218788196117565,1703270485547126218,7710551134524055265,-3843553821267635705,0,benign,1,0,train,0,train,0,23
-2168218788196117565,1703270485547126218,9026712381251072870,6894443000039529331,0,benign,1,2,test,0,train,1,51
-2038654286217446687,1585514184196127212,1237511301527069798,-1972774882968317535,0,benign,1,2,test,2,test,0,51
-2038654286217446687,1585514184196127212,6965824373654362891,3467089415197502814,0,benign,1,0,train,2,test,1,51
-2023573875962913313,8284548338424453802,-1823064632262918346,2933362162363948618,0,benign,1,1,validation,1,validation,0,51
-2023573875962913313,8284548338424453802,1059506949783046377,-7083362457368702632,0,benign,1,0,train,1,validation,1,23
-1977971330846030874,6213440432082997777,-9149620252872695923,-7410985419801961932,0,benign,1,0,train,2,test,1,23
-1977971330846030874,6213440432082997777,5164824952782326074,3018006252747320215,0,benign,1,2,test,2,test,0,51
-1951562611467520763,2171045626407188395,-2605602067779586143,-7276710235362635132,0,benign,1,1,validation,0,train,1,51
-1951562611467520763,2171045626407188395,7813048790760696585,-2334473454081925779,0,benign,1,0,train,0,train,0,23
-1951562611467520763,2171045626407188395,8933126454325088892,5691071104213725628,0,benign,1,0,train,0,train,0,51
-1935626967902292542,-1420578730720020507,-7981858181499030364,-7014667842796522348,0,benign,1,2,test,2,test,0,51
-1935626967902292542,-1420578730720020507,-2463447503286454021,-5790014221228226794,0,benign,1,2,test,2,test,0,51
-1935626967902292542,-1420578730720020507,2848252745526437307,295177513584446798,0,benign,1,0,train,2,test,1,23
-1895670411192998490,8391707020776085346,-693363026765234655,-6363424331208980086,0,benign,1,1,validation,1,validation,0,23
-1895670411192998490,8391707020776085346,846322710025830171,-531420462918230902,0,benign,1,0,train,1,validation,1,51
-1876245871712177029,-1655674263283391563,-3671539918294805376,3119400251602289088,0,benign,1,0,train,2,test,1,23
-1876245871712177029,-1655674263283391563,8583191889005579644,1204063808960740838,0,benign,1,2,test,2,test,0,51
-1838258738254299254,139659751681205321,-618914084208494858,-8748379107370674232,0,benign,1,0,train,1,validation,1,51
-1838258738254299254,139659751681205321,8127064180609391555,3376843105452553106,0,benign,1,1,validation,1,validation,0,23
-1825099989492351679,4573845197452358559,-7901525311474737296,5119313896189273584,0,benign,1,1,validation,1,validation,0,23
-1825099989492351679,4573845197452358559,7958043071750390973,-1629915750193689549,0,benign,1,0,train,1,validation,1,51
-1805100594575534754,-5842919305178825061,-4823984871172808890,7815693672369780526,0,benign,1,2,test,2,test,0,23
-1805100594575534754,-5842919305178825061,-2028414459509048951,-4788615580400702272,0,benign,1,1,validation,2,test,1,23
-1631604898515990949,2225405795171825030,697456136238027979,8292099801791415974,0,benign,1,0,train,2,test,1,23
-1631604898515990949,2225405795171825030,2057567342845325323,4286269417983791118,0,benign,1,1,validation,2,test,1,51
-1631604898515990949,2225405795171825030,2076975916334615191,1453267548001972688,0,benign,1,2,test,2,test,0,23
-1548759412299291239,-4406904010828028010,-5698108690462848923,6146771282308578542,0,benign,1,1,validation,1,validation,0,51
-1548759412299291239,-4406904010828028010,-1491428828862689474,3530303376115497812,0,benign,1,0,train,1,validation,1,23
-1542145448276843365,-1683020051007813418,3640185934343743957,-1810717409889107407,0,benign,1,2,test,2,test,0,23
-1542145448276843365,-1683020051007813418,5041482398425672356,-7530155432500534915,0,benign,1,1,validation,2,test,1,51
-1497177093790225109,8198084541487491923,-4059731692244881644,9156650711383492122,0,benign,1,2,test,2,test,0,51
-1497177093790225109,8198084541487491923,583868307531821507,4086394143202207476,0,benign,1,0,train,2,test,1,23
-1497177093790225109,8198084541487491923,1768440520918564948,3199933975167595347,0,benign,1,2,test,2,test,0,23
-1399770364442334687,5052809245929864451,-1554799328743191331,-9117087977257092959,0,benign,1,2,test,2,test,0,51
-1399770364442334687,5052809245929864451,1133972610681570123,7982953562396596226,0,benign,1,2,test,2,test,0,51
-1399770364442334687,5052809245929864451,2259506774805910230,6643347137597296415,0,benign,1,0,train,2,test,1,51
-1311394602814772082,3522596843151339326,-5325868123301098114,2089120693787297984,0,benign,1,2,test,2,test,0,51
-1311394602814772082,3522596843151339326,-3988070438589217532,-9040550445045864580,0,benign,1,1,validation,2,test,1,51
-1243607267811712306,586913897645167718,-7065016756269100300,-4430636585511128500,0,benign,1,0,train,0,train,0,23
-1243607267811712306,586913897645167718,-3649207351857546601,6353695336648288480,0,benign,1,2,test,0,train,1,51
-1243607267811712306,586913897645167718,-558570803355508770,-5757221148218686945,0,benign,1,0,train,0,train,0,51
-1171703898664082652,362565977407284942,1238895794597913129,8689736507813496852,0,benign,1,0,train,1,validation,1,23
-1171703898664082652,362565977407284942,4726424750573172745,-6062857519714938561,0,benign,1,1,validation,1,validation,0,51
-1044471522431562059,-6308689637207922226,7218505471686742984,-3184664674441420272,0,benign,1,2,test,2,test,0,62
-1044471522431562059,-6308689637207922226,7339355189214150652,-7388424140745268928,0,benign,1,0,train,2,test,1,62
-967055592674087837,-4607166854494868479,-3901396594406920461,8195823302247290570,0,benign,1,1,validation,1,validation,0,51
-967055592674087837,-4607166854494868479,8764399414836823695,3721424152589398875,0,benign,1,0,train,1,validation,1,23
-916111873543841273,7016089044816897905,-1757170087494737095,52041753439246052,0,benign,1,0,train,0,train,0,51
-916111873543841273,7016089044816897905,1509550974447050642,5319209856583877125,0,benign,1,0,train,0,train,0,51
-916111873543841273,7016089044816897905,2484942470258005310,-2148054064448210167,0,benign,1,1,validation,0,train,1,51
-830264716994444534,5232569148287577592,-7769379151607592216,-8418925831065591746,0,benign,1,0,train,1,validation,1,62
-830264716994444534,5232569148287577592,-3322336839464782160,-7743567576922113331,0,benign,1,1,validation,1,validation,0,62
-778060227492716733,-8733402116573992782,3982546591554826268,5336470949443119967,0,benign,1,2,test,2,test,0,12
-778060227492716733,-8733402116573992782,7703197720176778560,-6136558795757018224,0,benign,1,0,train,2,test,1,12
-752333289797131416,-962690806059597719,5686916081627858155,3149299860097225404,0,benign,1,2,test,2,test,0,51
-752333289797131416,-962690806059597719,8848657138636618028,479519156833765245,0,benign,1,0,train,2,test,1,23
-737982430969170784,5751812493237128304,-6322846652760492155,-6139658742350267465,0,benign,1,0,train,0,train,0,23
-737982430969170784,5751812493237128304,-6311243991122767400,2136597729446728759,0,benign,1,0,train,0,train,0,51
-737982430969170784,5751812493237128304,3643607644286609887,4545230952974507566,0,benign,1,1,validation,0,train,1,23
-708454799572930685,-8445419519267219900,-832843835994527294,7534121584980813420,0,benign,1,0,train,0,train,0,23
-708454799572930685,-8445419519267219900,399459182078594711,4951696845954770217,0,benign,1,1,validation,0,train,1,23
-708454799572930685,-8445419519267219900,1934496709746287597,-2125065839727208934,0,benign,1,0,train,0,train,0,51
-708454799572930685,-8445419519267219900,6384318502539976891,-6718597588096591260,0,benign,1,0,train,0,train,0,23
-686525914646897305,2218946957611934863,-3060592763611342505,1770672736347724403,0,benign,1,1,validation,1,validation,0,51
-686525914646897305,2218946957611934863,8973777321814438057,-7591396735175098973,0,benign,1,0,train,1,validation,1,23
-656777753371923693,-4124293207259668622,-5754555846448565952,1802340847835286591,0,benign,1,0,train,0,train,0,51
-656777753371923693,-4124293207259668622,-3928809130342987861,-5093226504639488258,0,benign,1,2,test,0,train,1,23
-656777753371923693,-4124293207259668622,-2946345258046034959,4779452575337796296,0,benign,1,0,train,0,train,0,23
-572639920674704509,2852802571393133991,-6726752036850917938,6365791527688516246,0,benign,1,1,validation,1,validation,0,51
-572639920674704509,2852802571393133991,-1800107067181358722,1629555476390935125,0,benign,1,1,validation,1,validation,0,51
-572639920674704509,2852802571393133991,-1702670699688422134,-8979325344911933889,0,benign,1,0,train,1,validation,1,23
-554431199354604841,6831371529202359493,-3015239694040264810,4055438246330898503,0,benign,1,2,test,0,train,1,23
-554431199354604841,6831371529202359493,22937123318056680,2186047396573342890,0,benign,1,0,train,0,train,0,23
-554431199354604841,6831371529202359493,952966617657157235,1002907687349598500,0,benign,1,0,train,0,train,0,23
-512756971756974449,6050832063687122356,-4262909757940789140,-7742483222211177488,0,benign,1,0,train,0,train,0,23
-512756971756974449,6050832063687122356,2158312796074534454,-5989969590170764564,0,benign,1,0,train,0,train,0,23
-512756971756974449,6050832063687122356,2517207575033743860,-9133738698257347341,0,benign,1,1,validation,0,train,1,51
-512756971756974449,6050832063687122356,4312430633519938754,-1432799440928398038,0,benign,1,0,train,0,train,0,23
-505566197700593771,7771187163271443265,-7594128943339825125,4618500580598829339,0,benign,1,1,validation,2,test,1,23
-505566197700593771,7771187163271443265,-2216988587131564934,-7046213820807394643,0,benign,1,2,test,2,test,0,23
-433909762554240613,-2180027199730189987,-7841864109315467525,657147018535666314,0,benign,1,0,train,1,validation,1,23
-433909762554240613,-2180027199730189987,2764481902503459754,4885875871843154719,0,benign,1,1,validation,1,validation,0,51
-398913598009216828,4866282693745503556,-3458718553852928011,6813005416837623806,0,benign,1,2,test,2,test,0,51
-398913598009216828,4866282693745503556,2335220221974905020,4239551747613394511,0,benign,1,0,train,2,test,1,23
-322180888105404784,-6243199345992682348,-7067055068863291185,7633568290942570362,0,benign,1,0,train,0,train,0,62
-322180888105404784,-6243199345992682348,-1036783445441069732,351759560439204,0,benign,1,0,train,0,train,0,62
-322180888105404784,-6243199345992682348,6351183904924817532,5667024830025554278,0,benign,1,2,test,0,train,1,62
-257253095745677244,98832751643869649,4975811257498243712,-1731759887721549432,0,benign,1,0,train,0,train,0,23
-257253095745677244,98832751643869649,5255792168237148287,-590751871762182366,0,benign,1,1,validation,0,train,1,51
-257253095745677244,98832751643869649,5757515096203160253,-2583002335529327120,0,benign,1,0,train,0,train,0,23
-257253095745677244,98832751643869649,8304918586292942831,-8104263987098907299,0,benign,1,0,train,0,train,0,23
-224363124406224359,-5208514416234096888,-6314237077481918915,-2064942636014157091,0,benign,1,0,train,1,validation,1,23
-224363124406224359,-5208514416234096888,5967118250912298655,-2808735932344694306,0,benign,1,1,validation,1,validation,0,23
-168821035183916339,3613106426006681876,-8634051127313100695,-4606834557174421796,0,benign,1,2,test,2,test,0,62
-168821035183916339,3613106426006681876,-7276408969629827635,-8341087385511667087,0,benign,1,0,train,2,test,1,62
-150537876339378037,1163640711029153072,-2758558177788671033,5137356150451845746,0,benign,1,0,train,1,validation,1,51
-150537876339378037,1163640711029153072,6517152296615835324,3600703297731662410,0,benign,1,1,validation,1,validation,0,23
63674554429831200,-3647724041866890217,-3567373940092679816,6328229816559643933,0,benign,1,0,train,1,validation,1,51
63674554429831200,-3647724041866890217,-1310459866568727712,4665380397231489827,0,benign,1,1,validation,1,validation,0,23
82670719396784286,-3780618890365267543,-6799623823147199932,4144116490387826002,0,benign,1,2,test,2,test,0,51
82670719396784286,-3780618890365267543,8717463662239556494,6120231173004288632,0,benign,1,0,train,2,test,1,23
84138280634588090,2980083959704039669,-9065260063631581625,-3097550616245534816,0,benign,1,0,train,2,test,1,23
84138280634588090,2980083959704039669,-418263435681667931,-2997336532008035326,0,benign,1,2,test,2,test,0,51
84138280634588090,2980083959704039669,1393988997920672122,-8113580114552212243,0,benign,1,2,test,2,test,0,51
129531384305539548,1634632593542310360,1740126914198441741,-3085455396494269085,0,benign,1,1,validation,1,validation,0,51
129531384305539548,1634632593542310360,4104942507606410161,4071454015198477508,0,benign,1,1,validation,1,validation,0,23
129531384305539548,1634632593542310360,5895385303551627735,-7949163536303980062,0,benign,1,0,train,1,validation,1,51
129531384305539548,1634632593542310360,6612142412675060082,9193690223338093187,0,benign,1,0,train,1,validation,1,23
188369641939740496,3591077641563136921,-4759432798900212844,8893909618224977951,0,benign,1,0,train,1,validation,1,23
188369641939740496,3591077641563136921,1205245813912660681,-3401513758302280865,0,benign,1,1,validation,1,validation,0,23
204166660056515604,-8123060695242751192,-3347096102785259364,8779913919062819054,0,benign,1,1,validation,1,validation,0,23
204166660056515604,-8123060695242751192,8062816438688537512,-5497720691263307313,0,benign,1,2,test,1,validation,1,51
204166660056515604,-8123060695242751192,8629490291080840069,3885070536709617938,0,benign,1,1,validation,1,validation,0,51
245944918791893003,1538005449942802960,-5718604076481529457,2435146585488480950,0,benign,1,1,validation,0,train,1,51
245944918791893003,1538005449942802960,-3150256811504455976,5291951218663642489,0,benign,1,0,train,0,train,0,51
245944918791893003,1538005449942802960,-1403679563923675545,1238362786540556547,0,benign,1,2,test,0,train,1,51
245944918791893003,1538005449942802960,5538085393982838834,-4880387221149866814,0,benign,1,0,train,0,train,0,23
271684514164999344,617495157310352774,-4577228318655426984,941647313764859692,0,benign,1,2,test,2,test,0,51
271684514164999344,617495157310352774,6191101900111440382,3480413425809852465,0,benign,1,0,train,2,test,1,51
317767266122535630,2822531292694814384,-9161651728860039429,8342081182208868230,0,benign,1,0,train,0,train,0,51
317767266122535630,2822531292694814384,-8857776073099688678,5310219607436372232,0,benign,1,1,validation,0,train,1,51
317767266122535630,2822531292694814384,-5322088319724551461,-4474039160538838601,0,benign,1,0,train,0,train,0,51
340630894452119721,5512649159450646587,-2679519534530858589,-3538404362803487658,0,benign,1,2,test,2,test,0,23
340630894452119721,5512649159450646587,7740747409673881568,1292682303033384965,0,benign,1,0,train,2,test,1,23
358175979979279223,-4581080492261676509,-6840480426041678284,6074330312884188132,0,benign,1,1,validation,1,validation,0,51
358175979979279223,-4581080492261676509,-1225730460220160552,8065675746787255909,0,benign,1,0,train,1,validation,1,23
378724920550303450,5781942816101068416,-8069568307659614058,9039128719092559789,0,benign,1,0,train,1,validation,1,23
378724920550303450,5781942816101068416,-2767633851308535789,-7623823934387319854,0,benign,1,1,validation,1,validation,0,23
466240788401855309,2675567812078948098,-1484614954221452891,4327718489871324033,0,benign,1,0,train,0,train,0,23
466240788401855309,2675567812078948098,-967361428737564370,3077769376960491251,0,benign,1,2,test,0,train,1,51
466240788401855309,2675567812078948098,5530677555736389777,5185744831918963244,0,benign,1,0,train,0,train,0,23
578391720210926183,3411064514467754267,-1774870978071123971,1904392090271753242,0,benign,1,2,test,0,train,1,23
578391720210926183,3411064514467754267,-1225690441919611939,4529376424594366284,0,benign,1,0,train,0,train,0,51
578391720210926183,3411064514467754267,6779073482922728081,-7510325928384812518,0,benign,1,0,train,0,train,0,23
613598530959762647,-5428738011294807169,-8385719227959227664,957290072045814337,0,benign,1,1,validation,0,train,1,23
613598530959762647,-5428738011294807169,1363929672409271724,5393843722851738993,0,benign,1,0,train,0,train,0,51
613598530959762647,-5428738011294807169,4244494361367973211,7767511316103290615,0,benign,1,0,train,0,train,0,23
742065895458423598,5662908871955598402,-7297609180800777063,6320680626810481133,0,benign,1,0,train,0,train,0,23
742065895458423598,5662908871955598402,5334496853490986918,3036752189795231950,0,benign,1,1,validation,0,train,1,51
742065895458423598,5662908871955598402,8488718983617510397,4281864337487154203,0,benign,1,0,train,0,train,0,51
784643932445657823,-945786356461934220,-2365051385335064022,1048806499152383365,0,benign,1,0,train,0,train,0,23
784643932445657823,-945786356461934220,-2236228000790569827,6926884725521951802,0,benign,1,2,test,0,train,1,23
784643932445657823,-945786356461934220,-1695574218928972837,7804727522719187011,0,benign,1,0,train,0,train,0,23
784643932445657823,-945786356461934220,-389383213323922403,259325998159708930,0,benign,1,0,train,0,train,0,51
813037633063840858,-8345655905369494455,-4432968029971059048,-8021617608181516215,0,benign,1,0,train,1,validation,1,51
813037633063840858,-8345655905369494455,6408779726435740341,-687415421133890244,0,benign,1,1,validation,1,validation,0,51
824404538316906146,-1420361362347363648,-2974397844218405501,-483594713828917604,0,benign,1,0,train,1,validation,1,51
824404538316906146,-1420361362347363648,-246907608744449256,5931292254989093832,0,benign,1,1,validation,1,validation,0,23
868851561230835316,3825682073361734056,-9122888052987316130,-6435705818765767396,0,benign,1,0,train,0,train,0,23
868851561230835316,3825682073361734056,-7739843262457548582,-8259211381460150996,0,benign,1,1,validation,0,train,1,23
868851561230835316,3825682073361734056,520000620652891522,-4003046579505766734,0,benign,1,0,train,0,train,0,23
923227525732368760,-230956123287862224,-3164550036582822132,7573468408888736004,0,benign,1,2,test,2,test,0,23
923227525732368760,-230956123287862224,2378707383348378534,5224220483796506699,0,benign,1,0,train,2,test,1,23
923227525732368760,-230956123287862224,4169365812256054117,-3294891883468446346,0,benign,1,2,test,2,test,0,23
970155002936935422,-2723642312141078583,-7793226494509630253,6630543826688514842,0,benign,1,0,train,1,validation,1,23
970155002936935422,-2723642312141078583,-2154802673448648155,7988280338827975235,0,benign,1,1,validation,1,validation,0,51
970155002936935422,-2723642312141078583,1891841600235831639,4643374208059440818,0,benign,1,2,test,1,validation,1,51
1066743920744067756,6007849442708758588,-5602740200352401117,8017966604893228236,0,benign,1,2,test,0,train,1,51
1066743920744067756,6007849442708758588,-4254219923098105851,-6640333146072098647,0,benign,1,0,train,0,train,0,23
1066743920744067756,6007849442708758588,285678000857176059,-2984369454860249748,0,benign,1,0,train,0,train,0,23
1066743920744067756,6007849442708758588,6734837311523158884,5139929767097264269,0,benign,1,0,train,0,train,0,23
1066743920744067756,6007849442708758588,7194474029537832679,-7325991449631883662,0,benign,1,2,test,0,train,1,23
1094757561856655601,-5994193330373440509,-5404966186679106375,-515033099471314773,0,benign,1,0,train,1,validation,1,23
1094757561856655601,-5994193330373440509,6657953255666003148,-3602851828127117830,0,benign,1,2,test,1,validation,1,51
1094757561856655601,-5994193330373440509,7768390247959977578,57207255894787141,0,benign,1,1,validation,1,validation,0,23
1207024437917490882,-6217233568504720504,-4268821061121047118,570570042439304979,0,benign,1,0,train,2,test,1,23
1207024437917490882,-6217233568504720504,5052331708423685072,8078511956744553057,0,benign,1,2,test,2,test,0,51
1239588363573893259,293492836866342595,-7198836946693134764,-7913309737958793107,0,benign,1,0,train,1,validation,1,23
1239588363573893259,293492836866342595,-5141190586658437151,4871145700929541244,0,benign,1,1,validation,1,validation,0,23
1260068845288971903,-195291339433668552,-7500131584017374576,-1692550362857082969,0,benign,1,2,test,2,test,0,23
1260068845288971903,-195291339433668552,6137093527292892878,-7970486436872360331,0,benign,1,0,train,2,test,1,23
1269086357789596072,4116235940026700674,-4961275675772952164,1719946160115354167,0,benign,1,1,validation,1,validation,0,51
1269086357789596072,4116235940026700674,-2633581512849641038,-5710608551601767473,0,benign,1,0,train,1,validation,1,23
1283400830312805442,-1750341456402515044,-8916206867789775425,4284462111282102923,0,benign,1,0,train,0,train,0,23
1283400830312805442,-1750341456402515044,-111933159231237435,6830962021928185667,0,benign,1,0,train,0,train,0,23
1283400830312805442,-1750341456402515044,7406819970913047165,-6878727025057086561,0,benign,1,2,test,0,train,1,51
1305633226552675360,7395846034037273134,-4574541758141835482,3112706128482214132,0,benign,1,0,train,0,train,0,23
1305633226552675360,7395846034037273134,-2774491155628248981,-2294124675032284971,0,benign,1,0,train,0,train,0,23
1305633226552675360,7395846034037273134,286767505356902748,-5782186967291450422,0,benign,1,0,train,0,train,0,23
1305633226552675360,7395846034037273134,1632946534018853485,9131589788073196907,0,benign,1,0,train,0,train,0,51
1305633226552675360,7395846034037273134,7302205953986279003,1546161509385812949,0,benign,1,0,train,0,train,0,23
1305633226552675360,7395846034037273134,8205789686671266441,-9060900816892234972,0,benign,1,2,test,0,train,1,51
1314975529672280621,-8550452193962277417,-6369987864875845687,5128321489449852212,0,benign,1,2,test,2,test,0,51
1314975529672280621,-8550452193962277417,-4569760094970712112,-6401319804937833261,0,benign,1,0,train,2,test,1,23
1513766576679101919,-1327968297918175798,-6366086085101422458,8142818835899328680,0,benign,1,0,train,2,test,1,23
1513766576679101919,-1327968297918175798,-4123496841730141609,2187260750037696623,0,benign,1,2,test,2,test,0,51
1528000203797430163,5638693675594513439,-8830459413132574920,-8846602175596546479,0,benign,1,1,validation,1,validation,0,23
1528000203797430163,5638693675594513439,-7327376887868933196,-2348512239491025349,0,benign,1,0,train,1,validation,1,23
1528000203797430163,5638693675594513439,3126816203840392495,-8602039310662399385,0,benign,1,1,validation,1,validation,0,23
1557524715802442948,5079047777373146435,-787340297082587143,2251330393115790984,0,benign,1,2,test,0,train,1,51
1557524715802442948,5079047777373146435,3433759804718079806,5737014494920820818,0,benign,1,0,train,0,train,0,51
1557524715802442948,5079047777373146435,4173938332965607016,3129675405230485984,0,benign,1,0,train,0,train,0,51
1600820159834109337,-1354382802048624124,-5943956830665829122,2503145813408552698,0,benign,1,1,validation,2,test,1,51
1600820159834109337,-1354382802048624124,-5658063867522346705,4513512029802598617,0,benign,1,0,train,2,test,1,51
1600820159834109337,-1354382802048624124,-5598796934315035454,2080964606469370058,0,benign,1,0,train,2,test,1,23
1600820159834109337,-1354382802048624124,-583811261145250528,3620218377727004066,0,benign,1,2,test,2,test,0,51
1600820159834109337,-1354382802048624124,126735505649226637,-7417722093789833323,0,benign,1,2,test,2,test,0,51
1658969660811354583,-4567352216805706047,-8488069986298425669,-4241008203266743627,0,benign,1,0,train,2,test,1,23
1658969660811354583,-4567352216805706047,5056466044728573719,8704480932177377667,0,benign,1,2,test,2,test,0,23
1721040172967786588,6180054833694254220,-2055817939668712744,-1203522778483366186,0,benign,1,0,train,0,train,0,51
1721040172967786588,6180054833694254220,1632277424298588279,6920689282684216685,0,benign,1,0,train,0,train,0,23
1721040172967786588,6180054833694254220,7098593748926725577,-2159008337604717257,0,benign,1,2,test,0,train,1,23
1746764716466039128,7627052063223314152,2253739399611030248,-6790475549211119202,0,benign,1,0,train,0,train,0,51
1746764716466039128,7627052063223314152,5747882474222234038,-7087048998002616183,0,benign,1,1,validation,0,train,1,51
1746764716466039128,7627052063223314152,7805650285838036831,-647147364977613192,0,benign,1,0,train,0,train,0,23
1767104464677039677,-7498080959047731952,3459706096128227926,-7567670057262171727,0,benign,1,0,train,1,validation,1,51
1767104464677039677,-7498080959047731952,3841935672649839966,3403028819587652432,0,benign,1,1,validation,1,validation,0,23
1869011791362270315,1115152222850139608,-1785974681264909221,4841745537201025020,0,benign,1,2,test,1,validation,1,23
1869011791362270315,1115152222850139608,8895534619344930767,-8245690179059919488,0,benign,1,1,validation,1,validation,0,23
1936948894575375970,674250435459384929,-6518426039135849711,1852388793636987860,0,benign,1,1,validation,1,validation,0,23
1936948894575375970,674250435459384929,8835016284852122682,-7289295794820448957,0,benign,1,2,test,1,validation,1,23
1952817526975336770,696815922320736531,-5751899387178378084,4461277144846038898,0,benign,1,2,test,2,test,0,23
1952817526975336770,696815922320736531,8730869870028735636,-3027618149417336088,0,benign,1,0,train,2,test,1,23
1979296990013953479,8908263878109368285,-4604671665757291173,4431541822399649232,0,benign,1,2,test,1,validation,1,51
1979296990013953479,8908263878109368285,-1074031223581646591,-1592608865849416708,0,benign,1,1,validation,1,validation,0,23
2051071221191849232,3385193858823580304,-2048828446993200023,5627750458800921055,0,benign,1,0,train,0,train,0,51
2051071221191849232,3385193858823580304,7856295950341638081,-646698793306298007,0,benign,1,1,validation,0,train,1,23
2051071221191849232,3385193858823580304,8858555656417792698,2992382107488859132,0,benign,1,0,train,0,train,0,51
2070994721020316406,8537914877137170269,-1521398366156655052,-4196923819157188003,0,benign,1,0,train,2,test,1,62
2070994721020316406,8537914877137170269,2720628052232385797,-3438951043795908097,0,benign,1,2,test,2,test,0,62
2099777011526903575,3716761861065740831,-7805017929926196091,1975355236984620284,0,benign,1,0,train,0,train,0,23
2099777011526903575,3716761861065740831,-2877097750119064680,8465436485925698445,0,benign,1,2,test,0,train,1,23
2099777011526903575,3716761861065740831,-1661250839419563510,-3985031346796008249,0,benign,1,0,train,0,train,0,23
2131382110274809046,3254578837014628642,-7480705975087730174,85974589661150386,0,benign,1,1,validation,1,validation,0,62
2131382110274809046,3254578837014628642,7981940099350504269,-4689311311892176700,0,benign,1,2,test,1,validation,1,62
2238519877259671327,3958817919675273997,-5210135820997842004,5241725723150589869,0,benign,1,0,train,1,validation,1,23
2238519877259671327,3958817919675273997,8954559855007687436,3161590334968646428,0,benign,1,1,validation,1,validation,0,23
2378631725724010783,-928843938416948175,-7260951085095987980,6699050444240133958,0,benign,1,0,train,2,test,1,51
2378631725724010783,-928843938416948175,6286229458462677048,-8795560623558133211,0,benign,1,2,test,2,test,0,23
2427549865396619581,-6679299983978311800,-7649804668640008903,2110693336132821696,0,benign,1,0,train,1,validation,1,23
2427549865396619581,-6679299983978311800,7769627170767465925,3051952518147971096,0,benign,1,1,validation,1,validation,0,23
2585210069798020671,-2416718573904539059,-1526288583904397659,1757907829705973136,0,benign,1,2,test,1,validation,1,51
2585210069798020671,-2416718573904539059,3965319490262307823,6126921883648207367,0,benign,1,1,validation,1,validation,0,23
2636529278161432485,-7933914396036986094,-8439298568164761111,8329605375604716359,0,benign,1,1,validation,1,validation,0,62
2636529278161432485,-7933914396036986094,1591896767011209748,80645946966059128,0,benign,1,0,train,1,validation,1,62
2712738284975465368,7364581001187703778,-1729737888134622175,8265825088363209637,0,benign,1,2,test,2,test,0,23
2712738284975465368,7364581001187703778,6559210113792832875,-6706839888800794279,0,benign,1,0,train,2,test,1,51
2718687514532728969,2322195222122492102,-7152416430562567917,-8328976001396631762,0,benign,1,1,validation,1,validation,0,51
2718687514532728969,2322195222122492102,-4187753310988825589,-5231325800298991209,0,benign,1,0,train,1,validation,1,23
2768426569159487365,6059722844518197915,-4334118703460535426,3104845245063283136,0,benign,1,1,validation,1,validation,0,51
2768426569159487365,6059722844518197915,-4038624106528176349,-7339196272649419036,0,benign,1,0,train,1,validation,1,51
2880536988226682881,6131351387027357940,-8708017253498529250,5125118521121050870,0,benign,1,1,validation,1,validation,0,23
2880536988226682881,6131351387027357940,2991267708614545356,-693100509382261376,0,benign,1,0,train,1,validation,1,23
3001433489278282787,7061596170039559120,-8416231745345697493,8268318528007367385,0,benign,1,0,train,2,test,1,23
3001433489278282787,7061596170039559120,-287174862104167662,-5196471975782214289,0,benign,1,2,test,2,test,0,51
3082760993158147255,954249459698285576,-8246062054366179688,3477572737420250245,0,benign,1,0,train,0,train,0,23
3082760993158147255,954249459698285576,-6499464329555950872,3190794196168492714,0,benign,1,0,train,0,train,0,51
3082760993158147255,954249459698285576,-3983283450520996727,1521810341245925181,0,benign,1,2,test,0,train,1,51
3112084910468347997,-4740936909276107244,-4641507690301897748,1438252703298873503,0,benign,1,0,train,0,train,0,51
3112084910468347997,-4740936909276107244,3171917872860435571,118596830016417386,0,benign,1,0,train,0,train,0,23
3112084910468347997,-4740936909276107244,3175476665198387899,2012932604468803421,0,benign,1,1,validation,0,train,1,23
3173465278734883437,9210967366252991437,-7487082630841187536,1485961322002826410,0,benign,1,2,test,2,test,0,23
3173465278734883437,9210967366252991437,-593790018911330825,6299930333350064662,0,benign,1,0,train,2,test,1,51
3188448442343531882,2242151974934649213,-3096385134633451399,-2392362772194402683,0,benign,1,2,test,2,test,0,62
3188448442343531882,2242151974934649213,1871475116321645980,-64251183916875211,0,benign,1,0,train,2,test,1,62
3213314501288918916,-438352618473106048,-7528953640948187399,2567016294202231749,0,benign,1,1,validation,1,validation,0,51
3213314501288918916,-438352618473106048,6612644931880105271,3416496477134032740,0,benign,1,2,test,1,validation,1,51
3233616184117236951,-4521569283630684931,-7995574410679471184,600727268080867166,0,benign,1,0,train,2,test,1,23
3233616184117236951,-4521569283630684931,-376690885578925747,-7106835642800076511,0,benign,1,2,test,2,test,0,23
3233616184117236951,-4521569283630684931,5714596338718842984,8020172198323415736,0,benign,1,2,test,2,test,0,51
3324209380164898210,8279938983411574955,-4740153166617078982,8719331546681515649,0,benign,1,1,validation,0,train,1,23
3324209380164898210,8279938983411574955,-3207804792817876236,-8117062502345666501,0,benign,1,0,train,0,train,0,23
3324209380164898210,8279938983411574955,-2582968237396337116,1206584802524863138,0,benign,1,0,train,0,train,0,23
3328335047036268610,-5809645266322894127,-7314470508788269992,1941860700541452385,0,benign,1,0,train,1,validation,1,23
3328335047036268610,-5809645266322894127,531482702865223986,-5644982086063826468,0,benign,1,1,validation,1,validation,0,51
3331627517454369978,-2697939710471938230,-4838553094353934918,8542719492176059884,0,benign,1,0,train,2,test,1,51
3331627517454369978,-2697939710471938230,-4338471720243069940,3442399482132439010,0,benign,1,2,test,2,test,0,51
3341191522027033858,-519077833417640346,-7938961289596039098,8826974936673989361,0,benign,1,1,validation,1,validation,0,23
3341191522027033858,-519077833417640346,-1939676732300749146,-3409467267109567180,0,benign,1,2,test,1,validation,1,23
3449134097251811753,3585253924860735766,-7942097642906056850,7320504590529509895,0,benign,1,1,validation,1,validation,0,62
3449134097251811753,3585253924860735766,5286150018272589958,-2229796438273247104,0,benign,1,0,train,1,validation,1,62
3534536074312312340,-1338589361381698456,-208835115238016370,8373082124635704955,0,benign,1,0,train,1,validation,1,51
3534536074312312340,-1338589361381698456,4967609616638536136,-8907156466143711398,0,benign,1,1,validation,1,validation,0,51
3584514363456215613,7949929673783122365,2186570571286029133,-4481513017810284374,0,benign,1,2,test,2,test,0,62
3584514363456215613,7949929673783122365,4647614262096260660,-999336451635919795,0,benign,1,0,train,2,test,1,62
3588138702755266419,7282986694713413791,-2829606224037511431,-3448012317305912963,0,benign,1,2,test,1,validation,1,23
3588138702755266419,7282986694713413791,8587068401359670030,4652372286483103710,0,benign,1,1,validation,1,validation,0,51
3590969463456261461,5384005985384318547,-4751804422639482774,-1433723237866825073,0,benign,1,0,train,1,validation,1,62
3590969463456261461,5384005985384318547,5122308805456198458,-1079045455287183171,0,benign,1,1,validation,1,validation,0,62
3671221936679739806,-3216159604702085609,-5151591621732161239,350397461783258085,0,benign,1,1,validation,0,train,1,51
3671221936679739806,-3216159604702085609,3937507624310784017,-7908749692839239614,0,benign,1,0,train,0,train,0,51
3671221936679739806,-3216159604702085609,8216435190796345521,4512637084395772767,0,benign,1,0,train,0,train,0,51
3671221936679739806,-3216159604702085609,9044153946521732297,-7578552378699573638,0,benign,1,0,train,0,train,0,23
3724512825133565827,7333522281190651260,-8798866327960586575,6458418416579338005,0,benign,1,0,train,0,train,0,23
3724512825133565827,7333522281190651260,-6102047290399943471,6033920325731748827,0,benign,1,0,train,0,train,0,23
3724512825133565827,7333522281190651260,-2931078155270561751,-504474762272547386,0,benign,1,0,train,0,train,0,23
3724512825133565827,7333522281190651260,2078841846113303635,6572617868464377086,0,benign,1,0,train,0,train,0,23
3724512825133565827,7333522281190651260,2993314167761140103,-3109273253643468849,0,benign,1,1,validation,0,train,1,23
3819088286965654726,3512893136271333990,-8894045711761445096,5661741142539382570,0,benign,1,2,test,2,test,0,51
3819088286965654726,3512893136271333990,3683306326364854788,-6156847756172379610,0,benign,1,0,train,2,test,1,51
3867492234056273177,-8378434230140647081,-3521231952537777612,-2245593570419955791,0,benign,1,2,test,2,test,0,51
3867492234056273177,-8378434230140647081,2287963301699513060,3125545844412518623,0,benign,1,2,test,2,test,0,23
3867492234056273177,-8378434230140647081,4855686787543179756,7217335172798810593,0,benign,1,0,train,2,test,1,23
3880873222925210025,8066732984333167899,1397634626791318358,-8672572300758063816,0,benign,1,0,train,1,validation,1,51
3880873222925210025,8066732984333167899,4910730340530806619,9203349801489239787,0,benign,1,1,validation,1,validation,0,23
3886343156127145673,6687155786562090296,-7221348593459414873,-6492382210360850845,0,benign,1,0,train,0,train,0,23
3886343156127145673,6687155786562090296,-6403687600490441733,9156251618285921429,0,benign,1,1,validation,0,train,1,51
3886343156127145673,6687155786562090296,-3562347499589258324,5504125782329768695,0,benign,1,0,train,0,train,0,51
3886343156127145673,6687155786562090296,-3469376491127948190,-6307432576710383956,0,benign,1,0,train,0,train,0,23
3886343156127145673,6687155786562090296,-1424188085777021395,8161537915855166247,0,benign,1,0,train,0,train,0,23
3886343156127145673,6687155786562090296,8859271819957938930,7171503495272051637,0,benign,1,0,train,0,train,0,23
4028901443141527606,-7514037281553735278,-4905989611029120506,3877047566400515438,0,benign,1,0,train,1,validation,1,62
4028901443141527606,-7514037281553735278,866875083982015367,514846719961861186,0,benign,1,1,validation,1,validation,0,62
4091677933407429271,-5657948875274290494,-340831381725475772,-9130546948459624951,0,benign,1,1,validation,1,validation,0,23
4091677933407429271,-5657948875274290494,6909145207055588365,8572195953057206614,0,benign,1,0,train,1,validation,1,23
4109561336442659236,-1565904346530185639,4908631175073339107,-1147379856705932170,0,benign,1,0,train,1,validation,1,23
4109561336442659236,-1565904346530185639,8385448324353290032,2117384509028992819,0,benign,1,1,validation,1,validation,0,51
4132096275091755614,-6915444123033338658,-6825837415337159212,-2529859295407011248,0,benign,1,0,train,1,validation,1,23
4132096275091755614,-6915444123033338658,1162521029198992221,6563683438324919151,0,benign,1,1,validation,1,validation,0,23
4154122579981954752,-3444594560668381706,-9063852527269386349,-4691997644754077258,0,benign,1,0,train,0,train,0,23
4154122579981954752,-3444594560668381706,-4290068217420988397,-6107748802806386225,0,benign,1,0,train,0,train,0,51
4154122579981954752,-3444594560668381706,-480796591053170739,-2395118324667035408,0,benign,1,1,validation,0,train,1,23
4166922127862092895,-3807279007210391297,-4552587733493891552,-6176702672177733940,0,benign,1,1,validation,0,train,1,23
4166922127862092895,-3807279007210391297,1162368268635370790,583875380682796401,0,benign,1,0,train,0,train,0,23
4166922127862092895,-3807279007210391297,6668020354295831403,5756302260718885493,0,benign,1,0,train,0,train,0,51
4167412573156589396,-5331571182956221539,-7682880264081120282,-4960923947520579736,0,benign,1,2,test,1,validation,1,23
4167412573156589396,-5331571182956221539,2015710021235832627,1335808095673330407,0,benign,1,1,validation,1,validation,0,51
4167412573156589396,-5331571182956221539,7852381757651017016,4102693637594411598,0,benign,1,1,validation,1,validation,0,23
4167412573156589396,-5331571182956221539,8624194934810022451,-6241614629781169635,0,benign,1,0,train,1,validation,1,23
4245440300290589746,-4557366878055716232,-5524696095528892242,7690375185517693671,0,benign,1,1,validation,1,validation,0,51
4245440300290589746,-4557366878055716232,4741862556747559528,-7747559452818888813,0,benign,1,0,train,1,validation,1,51
4309755878464920839,6791796651682958332,-7104268469568589814,-8915314958875037404,0,benign,1,0,train,2,test,1,62
4309755878464920839,6791796651682958332,8728389160394939898,-8603952860752007468,0,benign,1,2,test,2,test,0,62
4339672336700997933,-5713557427897831170,2277706027448957665,6198191886106951423,0,benign,1,0,train,2,test,1,23
4339672336700997933,-5713557427897831170,3949846778507841577,-8158974225610767033,0,benign,1,2,test,2,test,0,23
4339672336700997933,-5713557427897831170,8644154249410174380,4843815575703252313,0,benign,1,2,test,2,test,0,23
4418455262856284251,5762500354566595332,-8754159657822100337,-6620607432925015724,0,benign,1,0,train,0,train,0,23
4418455262856284251,5762500354566595332,-7278801927685371617,-8899840881526076976,0,benign,1,0,train,0,train,0,23
4418455262856284251,5762500354566595332,6781120085440513352,5038778092827796406,0,benign,1,2,test,0,train,1,23
4502393056424014394,2373679846175533139,-3824274841272628181,3123823738594659429,0,benign,1,0,train,0,train,0,23
4502393056424014394,2373679846175533139,4890910623027409163,-2738683579426852796,0,benign,1,0,train,0,train,0,23
4502393056424014394,2373679846175533139,5043263611446133403,6908076794604354373,0,benign,1,0,train,0,train,0,23
4502393056424014394,2373679846175533139,6405598761805998414,-6495944709339419456,0,benign,1,2,test,0,train,1,51
4666283755329392346,-4820403323483100174,-5792236577478858866,-2761549060481003841,0,benign,1,0,train,0,train,0,23
4666283755329392346,-4820403323483100174,-3177506606403272756,-4966173932132990806,0,benign,1,0,train,0,train,0,23
4666283755329392346,-4820403323483100174,-2425156629313773191,-1895294088768973363,0,benign,1,0,train,0,train,0,23
4666283755329392346,-4820403323483100174,-1888210168540903455,9197972267588386417,0,benign,1,1,validation,0,train,1,23
4666283755329392346,-4820403323483100174,2151876686803873890,3455291131419672313,0,benign,1,0,train,0,train,0,51
4666283755329392346,-4820403323483100174,2846089200827630114,2689810131086973599,0,benign,1,1,validation,0,train,1,23
4666283755329392346,-4820403323483100174,4111407624390834985,-8470464658097679237,0,benign,1,0,train,0,train,0,23
4754388856474645767,-3114340709964126533,921230345146894509,-7516882172589303447,0,benign,1,2,test,1,validation,1,23
4754388856474645767,-3114340709964126533,1721999399370820924,-361430463254009937,0,benign,1,1,validation,1,validation,0,51
4763755132436881879,8643092559900495862,-9204915697164452526,430806662464387726,0,benign,1,0,train,2,test,1,23
4763755132436881879,8643092559900495862,-4356509627809990387,-1422195577837081818,0,benign,1,2,test,2,test,0,51
4799788865427651917,4174681192757144819,-1942745060976711209,3086303551782885517,0,benign,1,0,train,0,train,0,23
4799788865427651917,4174681192757144819,3546847086681316468,1948471263100158100,0,benign,1,0,train,0,train,0,23
4799788865427651917,4174681192757144819,9020374623584614022,2229793964024810924,0,benign,1,1,validation,0,train,1,23
4806838724698323737,-8433419676571426532,911171426014102404,-6262832420914083710,0,benign,1,0,train,0,train,0,23
4806838724698323737,-8433419676571426532,1456238794108737834,-1867069242477717237,0,benign,1,2,test,0,train,1,23
4806838724698323737,-8433419676571426532,2831571831573445956,-8742728602143794791,0,benign,1,0,train,0,train,0,23
4851844874261763807,1472320268808262109,-8465043033285189017,-6013518426311195383,0,benign,1,2,test,2,test,0,23
4851844874261763807,1472320268808262109,-6597171032380452699,177248138766906981,0,benign,1,2,test,2,test,0,51
4851844874261763807,1472320268808262109,6348635644848054700,7288809500757791935,0,benign,1,0,train,2,test,1,51
4909789057943205524,5835313880387947125,-6606358400689189323,4081233312694101778,0,benign,1,0,train,1,validation,1,62
4909789057943205524,5835313880387947125,1452344827162805691,-6368761424198580171,0,benign,1,1,validation,1,validation,0,62
4929813270804364547,-1204941421742680235,-581847378868289526,-7885094258670971698,0,benign,1,1,validation,1,validation,0,51
4929813270804364547,-1204941421742680235,4797607703871665234,-7024329785196109778,0,benign,1,2,test,1,validation,1,23
4929813270804364547,-1204941421742680235,5433675793578935182,1468314887142481434,0,benign,1,2,test,1,validation,1,51
4929813270804364547,-1204941421742680235,8092372520892882991,9047597817411545823,0,benign,1,1,validation,1,validation,0,51
4948413537102770848,-2727999438180477233,-262464835863415818,4053862777124231628,0,benign,1,0,train,2,test,1,51
4948413537102770848,-2727999438180477233,636863211567766671,3843123364362509497,0,benign,1,2,test,2,test,0,23
4952698150170475278,-1841467230676153436,-2087503721074836837,6178069231409247216,0,benign,1,0,train,1,validation,1,62
4952698150170475278,-1841467230676153436,-1437087137792879003,7569509073232745769,0,benign,1,1,validation,1,validation,0,62
5017637674248800504,-3254386578471183919,-8248850979234331797,4218361498273627689,0,benign,1,0,train,0,train,0,23
5017637674248800504,-3254386578471183919,-7804322887473942904,7341871794911671743,0,benign,1,0,train,0,train,0,51
5017637674248800504,-3254386578471183919,-4404807266398255671,712136939605094207,0,benign,1,0,train,0,train,0,23
5017637674248800504,-3254386578471183919,2178186554658109563,3171498595598103601,0,benign,1,2,test,0,train,1,23
5017637674248800504,-3254386578471183919,7722481513131348436,5073396323445089870,0,benign,1,0,train,0,train,0,51
5022954085929553519,6792057699936350536,1408891023193215355,-2777546701305424114,0,benign,1,0,train,1,validation,1,23
5022954085929553519,6792057699936350536,3715510513341111438,5087783146747065057,0,benign,1,1,validation,1,validation,0,23
5059974875052711621,8074670672275719103,-7383456034130071841,-316540100756389061,0,benign,1,2,test,0,train,1,23
5059974875052711621,8074670672275719103,-1854408603201948640,-2963511369782060784,0,benign,1,0,train,0,train,0,23
5059974875052711621,8074670672275719103,597355691009082968,6259593403890423737,0,benign,1,0,train,0,train,0,51
5087705737589637802,-3376259381879610630,-6955598281047068755,-4021434402717738251,0,benign,1,1,validation,1,validation,0,51
5087705737589637802,-3376259381879610630,6979686821352319916,-8479740983799390341,0,benign,1,0,train,1,validation,1,51
5120887909569365030,8271302412209646722,-8002566736761166726,8790368302025540346,0,benign,1,0,train,2,test,1,23
5120887909569365030,8271302412209646722,2823708729055037900,3837218604457443710,0,benign,1,2,test,2,test,0,23
5136271329756210734,-7527003176749155848,1390013512026862365,-3531275565861681941,0,benign,1,0,train,2,test,1,51
5136271329756210734,-7527003176749155848,1452793451346454020,8826944859215326748,0,benign,1,2,test,2,test,0,23
5143077989865632981,5098151833526964570,2723848714667376,-7389328567851062855,0,benign,1,1,validation,1,validation,0,23
5143077989865632981,5098151833526964570,3290686820230742198,8718623555272138736,0,benign,1,0,train,1,validation,1,51
5178487028966770798,-7007121356687920923,-7609704664132083164,6706858772545229826,0,benign,1,1,validation,0,train,1,23
5178487028966770798,-7007121356687920923,1993726797545356192,5144780940861700159,0,benign,1,0,train,0,train,0,23
5178487028966770798,-7007121356687920923,5961524779982970328,7045010704216867559,0,benign,1,0,train,0,train,0,23
5201190836668359126,4241823217845014804,-5754824090930529256,-1241435342478990660,0,benign,1,1,validation,1,validation,0,23
5201190836668359126,4241823217845014804,4849413376700883916,7121739291342130380,0,benign,1,0,train,1,validation,1,23
5208877920219304580,-2389839779260078109,2117583355359648925,532080526000384241,0,benign,1,0,train,1,validation,1,51
5208877920219304580,-2389839779260078109,5034504576426773683,304114502656745711,0,benign,1,1,validation,1,validation,0,23
5208877920219304580,-2389839779260078109,5158513788610073922,1520903785967899729,0,benign,1,2,test,1,validation,1,23
5251139015908303869,-3058751443606152787,-7064879759330690569,-1341907545780463003,0,benign,1,0,train,2,test,1,51
5251139015908303869,-3058751443606152787,8472572185824552413,-9003382853508977185,0,benign,1,2,test,2,test,0,51
5258576682618809533,4194632821100892602,-8584480939446481781,7139530465927967466,0,benign,1,0,train,0,train,0,51
5258576682618809533,4194632821100892602,1360606217964534168,161568604913754230,0,benign,1,1,validation,0,train,1,23
5292656735493439412,7028473697069520271,-6540999048436067686,4610401310334456944,0,benign,1,1,validation,0,train,1,51
5292656735493439412,7028473697069520271,9135824138634874600,-6263807810466860360,0,benign,1,0,train,0,train,0,51
5337550201235645690,-7423510205702748289,-4937019116331874353,-219216243461579532,0,benign,1,2,test,2,test,0,23
5337550201235645690,-7423510205702748289,813901256412560642,-2185086318180798924,0,benign,1,2,test,2,test,0,51
5337550201235645690,-7423510205702748289,2003219807985043238,8071253397620010276,0,benign,1,0,train,2,test,1,23
5357909331256520901,-3712773891015427125,-1781895547845384515,-8870775571828810720,0,benign,1,1,validation,0,train,1,51
5357909331256520901,-3712773891015427125,8166707861453208366,-2282803776707537197,0,benign,1,0,train,0,train,0,51
5457119061489978444,-7726353897545725770,-5828796367548067855,-3137082306209114463,0,benign,1,0,train,0,train,0,23
5457119061489978444,-7726353897545725770,767959858688665413,-5046803646583006768,0,benign,1,0,train,0,train,0,51
5457119061489978444,-7726353897545725770,4289105003508783090,-4869602842186461838,0,benign,1,1,validation,0,train,1,51
5481801284894467476,4206575402970986373,-6153450218014510982,8698654470084752750,0,benign,1,2,test,0,train,1,23
5481801284894467476,4206575402970986373,1156111068210498626,5518122759496920769,0,benign,1,0,train,0,train,0,23
5481801284894467476,4206575402970986373,7904073219467256100,8896638837819643008,0,benign,1,0,train,0,train,0,23
5505344583790793519,1459712160893291490,1300524417040909040,-4743201755703571796,0,benign,1,0,train,2,test,1,23
5505344583790793519,1459712160893291490,1720541004056060900,9211313674550591345,0,benign,1,2,test,2,test,0,51
5505344583790793519,1459712160893291490,6851052396726765372,-9110178674094163640,0,benign,1,2,test,2,test,0,23
5594307480042315096,-855724432063850296,-6575818394476735210,-6476739041435776832,0,benign,1,0,train,0,train,0,51
5594307480042315096,-855724432063850296,7087871645156065139,-6300879776190763466,0,benign,1,1,validation,0,train,1,51
5612396394454921028,-8747791524703989519,-7370988194172019685,5551514559517857621,0,benign,1,0,train,0,train,0,23
5612396394454921028,-8747791524703989519,2544939604418658060,5507951621633237814,0,benign,1,2,test,0,train,1,23
5680282783034616382,2247748675906738592,-5369359449628844870,5033939476352211480,0,benign,1,0,train,0,train,0,51
5680282783034616382,2247748675906738592,663694779900083711,7922154210962102928,0,benign,1,0,train,0,train,0,51
5680282783034616382,2247748675906738592,1732945307665582243,924224032307104270,0,benign,1,1,validation,0,train,1,51
5680282783034616382,2247748675906738592,5737204501154978091,8530087830641651467,0,benign,1,0,train,0,train,0,23
5680282783034616382,2247748675906738592,6152887306153686561,-6251736682412878307,0,benign,1,0,train,0,train,0,51
5794836269920041459,-7265504753229216577,-8531110658936495461,5994109743428967565,0,benign,1,2,test,0,train,1,51
5794836269920041459,-7265504753229216577,-5172667181156235237,-6385096302221572452,0,benign,1,0,train,0,train,0,23
5794836269920041459,-7265504753229216577,-2679073823511985295,-3561751945663027287,0,benign,1,0,train,0,train,0,23
5794836269920041459,-7265504753229216577,1353976807327065040,263156378707122405,0,benign,1,0,train,0,train,0,23
5794836269920041459,-7265504753229216577,2168506751423103177,-1538467437915923585,0,benign,1,0,train,0,train,0,51
5794836269920041459,-7265504753229216577,4672478571906244790,8221589012958308336,0,benign,1,0,train,0,train,0,51
5794836269920041459,-7265504753229216577,5894555039453311602,4725432207451011608,0,benign,1,2,test,0,train,1,23
5794836269920041459,-7265504753229216577,8512283846906116262,-1790757658844354214,0,benign,1,0,train,0,train,0,51
5810396362770183976,7896377658841701592,-6052797433043156251,-105545621872153182,0,benign,1,2,test,0,train,1,23
5810396362770183976,7896377658841701592,7994975806617401034,751915729670625611,0,benign,1,0,train,0,train,0,51
5810396362770183976,7896377658841701592,8290331095165729266,6723773754400036897,0,benign,1,0,train,0,train,0,23
5901587224404973395,6576526008553454368,-566595537457245630,-4114823581823355783,0,benign,1,2,test,2,test,0,23
5901587224404973395,6576526008553454368,4987422930033907186,-526506660549246312,0,benign,1,0,train,2,test,1,23
5901587224404973395,6576526008553454368,5271690100030294632,-7662146921466102963,0,benign,1,2,test,2,test,0,23
5948429585987298209,-7395749131321614861,-2024811088648866705,918188008554766666,0,benign,1,0,train,0,train,0,51
5948429585987298209,-7395749131321614861,-1724682635554543584,7079449038508682760,0,benign,1,1,validation,0,train,1,51
5948429585987298209,-7395749131321614861,4479333639285471548,-2696687890028396846,0,benign,1,0,train,0,train,0,23
5955936634420542134,-7068405382513684993,-8438123003609249945,-1472242041693156372,0,benign,1,1,validation,0,train,1,23
5955936634420542134,-7068405382513684993,-4342801909233991528,2296981240502253867,0,benign,1,0,train,0,train,0,51
5967380300457238095,2746690374572704873,-5657347595132112702,6426125060551220714,0,benign,1,2,test,0,train,1,51
5967380300457238095,2746690374572704873,7277884908595612098,-3566776012597261761,0,benign,1,0,train,0,train,0,51
6024861399275617151,-6412768332201342367,-6341950615452614920,4092980752556380523,0,benign,1,0,train,1,validation,1,23
6024861399275617151,-6412768332201342367,-5365927489048209416,8948024332763325198,0,benign,1,1,validation,1,validation,0,23
6024861399275617151,-6412768332201342367,8533734040462012575,-5142540074070733033,0,benign,1,1,validation,1,validation,0,51
6077270601881602901,-180826944790441302,-7701881606695876667,-2124526898134388814,0,benign,1,2,test,0,train,1,23
6077270601881602901,-180826944790441302,-165295946858311171,-1618053167493518763,0,benign,1,0,train,0,train,0,23
6077270601881602901,-180826944790441302,5839320710205703600,-7018187612931973794,0,benign,1,0,train,0,train,0,51
6099175710062990733,1124607588579838325,3889455562243045811,-1057745687607170406,0,benign,1,2,test,0,train,1,23
6099175710062990733,1124607588579838325,8746301836380670008,4619064439275567720,0,benign,1,0,train,0,train,0,23
6099175710062990733,1124607588579838325,9168371091350205844,8374744357281867621,0,benign,1,0,train,0,train,0,23
6147313952107842008,3083592002590522784,-5381926520129970694,4110470111154169303,0,benign,1,0,train,0,train,0,23
6147313952107842008,3083592002590522784,-697577323213380744,404293509883777549,0,benign,1,1,validation,0,train,1,23
6150111316334645404,-4790162444178526920,-8977231327167309643,5241974803025990347,0,benign,1,1,validation,0,train,1,23
6150111316334645404,-4790162444178526920,-3777467235602690905,2575245145308754259,0,benign,1,2,test,0,train,1,23
6150111316334645404,-4790162444178526920,-2096827026352388757,6508843720916240575,0,benign,1,0,train,0,train,0,51
6150111316334645404,-4790162444178526920,3587676922738801061,-1821317124532097488,0,benign,1,0,train,0,train,0,51
6150111316334645404,-4790162444178526920,6008018683894007490,5836635519153894975,0,benign,1,0,train,0,train,0,51
6311964392416685635,-653819048237299513,-6920520034455985689,-3592984986897574922,0,benign,1,1,validation,0,train,1,51
6311964392416685635,-653819048237299513,-2181782191670962293,1433273987408366703,0,benign,1,0,train,0,train,0,23
6311964392416685635,-653819048237299513,3803767218391225663,2147970540184805081,0,benign,1,0,train,0,train,0,51
6323419235246508619,-5338704526735685636,4369373083265457946,-6689539701599830529,0,benign,1,2,test,0,train,1,51
6323419235246508619,-5338704526735685636,4442139729537515206,8143799652990746422,0,benign,1,0,train,0,train,0,23
6405667767837716309,-49164335199255429,-5244046680248417857,-5969889135846134384,0,benign,1,2,test,0,train,1,51
6405667767837716309,-49164335199255429,-604828537636573902,-6930901232632136755,0,benign,1,0,train,0,train,0,23
6405667767837716309,-49164335199255429,1573974818889423618,-5119896991508529141,0,benign,1,1,validation,0,train,1,51
6405667767837716309,-49164335199255429,3659532171202921034,-2374693747578283247,0,benign,1,0,train,0,train,0,23
6405667767837716309,-49164335199255429,8734211500552869274,-6232022341325045107,0,benign,1,0,train,0,train,0,23
6459835950201537434,5513418163824182671,-5391717761442428017,5806599152827536886,0,benign,1,0,train,0,train,0,51
6459835950201537434,5513418163824182671,7931300672004564518,-7805223833765940180,0,benign,1,2,test,0,train,1,51
6490130867394969529,9120592793046847719,-5482967961387688794,6714838721246367554,0,benign,1,1,validation,0,train,1,23
6490130867394969529,9120592793046847719,-481723083372450808,8390972127203435619,0,benign,1,0,train,0,train,0,51
6490130867394969529,9120592793046847719,705765420439379474,-4176928953966796591,0,benign,1,0,train,0,train,0,23
6490130867394969529,9120592793046847719,768778163124516849,-4539005114223075971,0,benign,1,0,train,0,train,0,23
6490130867394969529,9120592793046847719,8110679623797867105,-2646458227876491741,0,benign,1,0,train,0,train,0,51
6593168556521130444,8967364344616669280,-3682567730371278129,8604874738195460599,0,benign,1,0,train,0,train,0,51
6593168556521130444,8967364344616669280,-1466989967198837816,5697107342868859989,0,benign,1,1,validation,0,train,1,23
6593168556521130444,8967364344616669280,-1076362889211486070,-4229581849518405731,0,benign,1,0,train,0,train,0,51
6608660299213611358,-7444575622461607789,-3829225795131009654,-6780474385197486692,0,benign,1,0,train,0,train,0,51
6608660299213611358,-7444575622461607789,-3153592899683639490,-568290912496526694,0,benign,1,0,train,0,train,0,23
6608660299213611358,-7444575622461607789,-2941568486229651110,-756584789635990314,0,benign,1,2,test,0,train,1,23
6608660299213611358,-7444575622461607789,3384003857890947311,-7941803736650380272,0,benign,1,0,train,0,train,0,51
6627026387289306145,8449061568039520982,-5702597540992936809,-4695581269892998895,0,benign,1,0,train,0,train,0,23
6627026387289306145,8449061568039520982,4119488734447299224,6679993772093899679,0,benign,1,1,validation,0,train,1,23
6627026387289306145,8449061568039520982,7270895067008942652,5036750073067328968,0,benign,1,1,validation,0,train,1,23
6627026387289306145,8449061568039520982,8557865206851821483,-9040053276154992840,0,benign,1,0,train,0,train,0,23
6627026387289306145,8449061568039520982,8660168662856553976,8717145224336498677,0,benign,1,0,train,0,train,0,23
6672893372914128497,-5477579430028390609,-7107716989091857900,9208715763645138203,0,benign,1,1,validation,0,train,1,23
6672893372914128497,-5477579430028390609,1619713197813408992,7346848038751507644,0,benign,1,0,train,0,train,0,23
6672893372914128497,-5477579430028390609,1813875412020968296,8174311112605212068,0,benign,1,0,train,0,train,0,23
6672893372914128497,-5477579430028390609,6507016077882097308,-6465807928002281087,0,benign,1,0,train,0,train,0,23
6704702584417848083,6248075286053415874,-1903512769332801465,-259847975573561731,0,benign,1,2,test,0,train,1,23
6704702584417848083,6248075286053415874,6371903961124688952,-4788113902472994828,0,benign,1,0,train,0,train,0,51
6747041451158400476,8697928609633532051,-7788307199733881363,4148496263441632606,0,benign,1,0,train,0,train,0,23
6747041451158400476,8697928609633532051,-954806565353554150,-6224830983810013029,0,benign,1,0,train,0,train,0,23
6747041451158400476,8697928609633532051,1882995653341735394,-6947594112594616579,0,benign,1,1,validation,0,train,1,23
6757445088727993309,4997865077323358346,-9127849134865226649,6961108406507257740,0,benign,1,0,train,0,train,0,23
6757445088727993309,4997865077323358346,-5890681947734617174,755778824353596215,0,benign,1,0,train,0,train,0,23
6757445088727993309,4997865077323358346,3966042809750334143,-290779535076661778,0,benign,1,2,test,0,train,1,23
6757445088727993309,4997865077323358346,5295122658239913376,4094606608656307793,0,benign,1,0,train,0,train,0,51
6789179104596480541,2308765285894836105,1127910626244896077,-3921365793993950656,0,benign,1,2,test,0,train,1,23
6789179104596480541,2308765285894836105,7506475022247792404,2066467442359473208,0,benign,1,0,train,0,train,0,51
6832799592830495261,1251808355686081416,-9137526058349810026,7966126778879726535,0,benign,1,2,test,0,train,1,51
6832799592830495261,1251808355686081416,-5551605344552704542,-6973499570190428849,0,benign,1,0,train,0,train,0,23
6832799592830495261,1251808355686081416,4870108392001347721,6209448005022101355,0,benign,1,0,train,0,train,0,23
6832799592830495261,1251808355686081416,6662990155023825444,-1153789667847005,0,benign,1,0,train,0,train,0,23
6865786531579047527,-3145776149858818253,-4308804137071630211,-3986004590874867483,0,benign,1,0,train,0,train,0,51
6865786531579047527,-3145776149858818253,-1426043290245106287,-4209448360987383979,0,benign,1,0,train,0,train,0,23
6865786531579047527,-3145776149858818253,4227480067347467598,5080794498472754315,0,benign,1,1,validation,0,train,1,51
6865786531579047527,-3145776149858818253,5019949630913629977,5571835763149200045,0,benign,1,0,train,0,train,0,23
6865786531579047527,-3145776149858818253,5490764397395689898,-7452657620908642221,0,benign,1,0,train,0,train,0,51
6865786531579047527,-3145776149858818253,8273298328953100212,459865258724586954,0,benign,1,2,test,0,train,1,51
6886154952603834341,-4598569896462366857,2645665619605183387,-2136091018393668439,0,benign,1,0,train,0,train,0,23
6886154952603834341,-4598569896462366857,5941945563753081433,4997202016904062408,0,benign,1,2,test,0,train,1,23
6947245921644998092,8160022582283719919,-4379229436085681949,-7109865918201482417,0,benign,1,1,validation,0,train,1,51
6947245921644998092,8160022582283719919,-3555097006144846215,-5684912705931370808,0,benign,1,0,train,0,train,0,51
6951805242201477689,755874138619546277,4826786312171155243,3349888731523833121,0,benign,1,0,train,0,train,0,51
6951805242201477689,755874138619546277,4878174817017584617,7849825366040794216,0,benign,1,1,validation,0,train,1,51
6983711641291317678,5405325437148774494,-8938938329515790819,-4822382001100290875,0,benign,1,1,validation,0,train,1,23
6983711641291317678,5405325437148774494,5861430079304659614,-196016498230851672,0,benign,1,0,train,0,train,0,23
7065249282720002773,-6084955020016155738,-7940073233600535734,5019897466501711789,0,benign,1,2,test,0,train,1,23
7065249282720002773,-6084955020016155738,-1974644172745699527,-1775049855527263250,0,benign,1,0,train,0,train,0,23
7065249282720002773,-6084955020016155738,116538593630862412,-2388206520780892412,0,benign,1,0,train,0,train,0,51
7065249282720002773,-6084955020016155738,537417917763765434,-3123669656334186825,0,benign,1,0,train,0,train,0,23
7065249282720002773,-6084955020016155738,943318863231454445,-8429675817960013111,0,benign,1,2,test,0,train,1,51
7065249282720002773,-6084955020016155738,2135300588208109932,2163954355206831766,0,benign,1,0,train,0,train,0,23
7065249282720002773,-6084955020016155738,6342621012039016092,7765549093664917206,0,benign,1,0,train,0,train,0,23
7065249282720002773,-6084955020016155738,7347130728327731148,-3195662040523210356,0,benign,1,1,validation,0,train,1,23
7065249282720002773,-6084955020016155738,8560615876353176977,-5598402208761011267,0,benign,1,0,train,0,train,0,23
7211660351308327955,-470038632580933202,-2510796996766301088,7479407232240463154,0,benign,1,0,train,0,train,0,23
7211660351308327955,-470038632580933202,5717631355626674777,-2951505818834297372,0,benign,1,2,test,0,train,1,23
7493996361383810267,5255396079383085265,-4213717404254095983,-1920984443810737504,0,benign,1,1,validation,1,validation,0,23
7493996361383810267,5255396079383085265,-304074623211404981,3163566726479110800,0,benign,1,0,train,1,validation,1,23
7493996361383810267,5255396079383085265,1661813631400430923,-3978825973257490902,0,benign,1,1,validation,1,validation,0,23
7493996361383810267,5255396079383085265,2861687168069851221,5585387506118090672,0,benign,1,1,validation,1,validation,0,23
7507316491606856778,4601067143386952819,-8294785743064630060,4150186940658885900,0,benign,1,0,train,0,train,0,23
7507316491606856778,4601067143386952819,-4115950473395102012,2929521784291332968,0,benign,1,2,test,0,train,1,23
7621346135304473740,-768149997111071097,-8235482772850051875,-8679303981992666280,0,benign,1,0,train,0,train,0,23
7621346135304473740,-768149997111071097,3435208385835129853,8749970656896547818,0,benign,1,2,test,0,train,1,23
7621346135304473740,-768149997111071097,3632925890181414089,-1027144156628274454,0,benign,1,0,train,0,train,0,51
7646814017772020568,6182883666438730641,-3278536730895942646,6185186213836491767,0,benign,1,0,train,0,train,0,51
7646814017772020568,6182883666438730641,-845273821722165782,7812983107483526850,0,benign,1,2,test,0,train,1,51
7646814017772020568,6182883666438730641,3834937572494803763,-4954911009823024663,0,benign,1,0,train,0,train,0,51
7697200051332485049,-5669738667903432820,-7872073350432452570,6863406827269431017,0,benign,1,0,train,0,train,0,51
7697200051332485049,-5669738667903432820,-7496707935808675332,-4555972610598315904,0,benign,1,2,test,0,train,1,23
7697200051332485049,-5669738667903432820,-2473591656109370453,9090775421412756385,0,benign,1,0,train,0,train,0,51
7697200051332485049,-5669738667903432820,175326764126045483,-3202783793279819770,0,benign,1,2,test,0,train,1,23
7697200051332485049,-5669738667903432820,5241117911849824685,-5424495841490191358,0,benign,1,0,train,0,train,0,51
7722958211851197844,-2970172585607720547,5641206620536944105,1353148440311814386,0,benign,1,0,train,0,train,0,23
7722958211851197844,-2970172585607720547,6368509103970510785,842693922069975776,0,benign,1,1,validation,0,train,1,23
7772295357350933632,7615075388759115810,-4491887570505576767,-1075936309883795780,0,benign,1,1,validation,0,train,1,23
7772295357350933632,7615075388759115810,7108705688614929520,-4116300349148149836,0,benign,1,0,train,0,train,0,23
7821512976983064362,-188966054583617848,-6523632063190330123,1208854439366673124,0,benign,1,0,train,0,train,0,23
7821512976983064362,-188966054583617848,-6056768640320978100,-8760553551864012916,0,benign,1,0,train,0,train,0,23
7821512976983064362,-188966054583617848,-5480488179291548885,-6507616793333649395,0,benign,1,2,test,0,train,1,51
7821512976983064362,-188966054583617848,-4374030140861277161,-6940861868384005914,0,benign,1,2,test,0,train,1,23
7821512976983064362,-188966054583617848,-4082267620500896656,-3925949571635133525,0,benign,1,0,train,0,train,0,51
7821512976983064362,-188966054583617848,5994731221820517603,498878098703009458,0,benign,1,0,train,0,train,0,51
7856908470268935152,865401431768270104,-5963680604404034016,7739559263886589865,0,benign,1,1,validation,0,train,1,51
7856908470268935152,865401431768270104,-5610828519810989189,4660762075131194992,0,benign,1,0,train,0,train,0,23
7907634037210864445,-3796764732716995596,387962760860602577,5937485629947034164,0,benign,1,2,test,0,train,1,23
7907634037210864445,-3796764732716995596,6060675872279324977,-8258240394936982945,0,benign,1,0,train,0,train,0,23
7907634037210864445,-3796764732716995596,6222351624501223873,3272398113624450875,0,benign,1,0,train,0,train,0,51
7907634037210864445,-3796764732716995596,8460605798753518015,-5379611120206822907,0,benign,1,0,train,0,train,0,23
7929423223390321907,7158688686660274434,-8852731452841440409,-8358681310602687477,0,benign,1,0,train,0,train,0,23
7929423223390321907,7158688686660274434,-6550640157297097778,-4095086041239214708,0,benign,1,0,train,0,train,0,23
7929423223390321907,7158688686660274434,-3360458599223682540,-6187549885531001171,0,benign,1,0,train,0,train,0,51
7929423223390321907,7158688686660274434,-767668773682650799,3674432122474384285,0,benign,1,2,test,0,train,1,23
7929423223390321907,7158688686660274434,344347092152731021,9089873810115476480,0,benign,1,0,train,0,train,0,23
7929423223390321907,7158688686660274434,628798635849556095,7548506715725290732,0,benign,1,1,validation,0,train,1,23
7938485300106806637,8054445241650848397,-1647025134099925569,6932803549386462137,0,benign,1,2,test,0,train,1,23
7938485300106806637,8054445241650848397,8651659399574703856,6962922214958614492,0,benign,1,0,train,0,train,0,23
8003683942764033988,2246041522922278782,-5967609929878693758,-6483317080505297689,0,benign,1,2,test,0,train,1,51
8003683942764033988,2246041522922278782,5367177412982683069,3325669570405315311,0,benign,1,0,train,0,train,0,23
8023437312190608899,-6808729018929423946,-7929319962366301475,4952670709718990453,0,benign,1,1,validation,0,train,1,51
8023437312190608899,-6808729018929423946,-484085060049514816,8573265963602691220,0,benign,1,0,train,0,train,0,23
8023437312190608899,-6808729018929423946,754033749220157373,3217639160255811736,0,benign,1,0,train,0,train,0,23
8023437312190608899,-6808729018929423946,8817526842342583744,8605004645713885627,0,benign,1,0,train,0,train,0,51
8026800814229710637,1084961815867295475,-5132087959305663162,-6461638700070520867,0,benign,1,2,test,0,train,1,23
8026800814229710637,1084961815867295475,1666475299274672267,8292713060955869229,0,benign,1,0,train,0,train,0,23
8110211707253022734,1106981749676597876,-8246706945583831754,-7621852095303106937,0,benign,1,2,test,0,train,1,23
8110211707253022734,1106981749676597876,2154261615603010807,7697915470951700370,0,benign,1,0,train,0,train,0,51
8217156013627991027,-1686810227214747796,-6747314409029877558,-1985950126455464751,0,benign,1,1,validation,0,train,1,51
8217156013627991027,-1686810227214747796,-1507643112222427780,-6535467074953795855,0,benign,1,0,train,0,train,0,23
8217156013627991027,-1686810227214747796,-125123353410184669,-9028082682224209468,0,benign,1,0,train,0,train,0,23
8280563611101534589,-3320257870953803536,-7723438626480777559,-6682724296470719131,0,benign,1,2,test,0,train,1,51
8280563611101534589,-3320257870953803536,-4149481399513651644,4017153475090097203,0,benign,1,0,train,0,train,0,23
8280563611101534589,-3320257870953803536,2004893109158540267,-8625748468290207202,0,benign,1,0,train,0,train,0,23
8410079666366899583,8657769117605260287,-8206179357763753094,1220529754233744439,0,benign,1,2,test,1,validation,1,51
8410079666366899583,8657769117605260287,-2837530237656784548,-1835382661878249503,0,benign,1,1,validation,1,validation,0,23
8485801630609559623,717941917661320646,-7454275886016750342,-2759147220636514392,0,benign,1,1,validation,0,train,1,51
8485801630609559623,717941917661320646,-5032423714595445164,-7721663929105192377,0,benign,1,2,test,0,train,1,51
8485801630609559623,717941917661320646,-2399845538067260337,8370970687198738535,0,benign,1,0,train,0,train,0,23
8529353543143677648,-9167497792380278636,-2851311787768927486,3176060720808181547,0,benign,1,0,train,0,train,0,23
8529353543143677648,-9167497792380278636,1275605678690189844,5891015065379604554,0,benign,1,2,test,0,train,1,23
8591847909883049158,-879971432328528017,-6151975675017319835,-2710451184537579745,0,benign,1,0,train,0,train,0,23
8591847909883049158,-879971432328528017,-1228532509750649772,6144437214482449381,0,benign,1,2,test,0,train,1,51
8650489079041408516,4120497570005961693,-2732677247818167495,8141195237758698918,0,benign,1,0,train,0,train,0,23
8650489079041408516,4120497570005961693,7024368836250153284,4751965794065240079,0,benign,1,2,test,0,train,1,23
8664610021420144252,6448874537348559188,-8862309626817755350,2556189598960680533,0,benign,1,2,test,0,train,1,51
8664610021420144252,6448874537348559188,407912533568818542,327582729409636042,0,benign,1,0,train,0,train,0,23
8710802157604200644,8363253309977848551,-9159853552069913753,-650046873037038566,0,benign,1,0,train,0,train,0,23
8710802157604200644,8363253309977848551,-7391052037446583176,1812179782064588286,0,benign,1,0,train,0,train,0,23
8710802157604200644,8363253309977848551,2631430166822809317,1252610865820326764,0,benign,1,0,train,0,train,0,23
8710802157604200644,8363253309977848551,5164158016741406524,1563314544944899852,0,benign,1,2,test,0,train,1,51
8858976949984873149,-690603708325627153,6276284363584846055,-4085656920034153668,0,benign,1,0,train,0,train,0,23
8858976949984873149,-690603708325627153,8493050274554062877,-224919402303897656,0,benign,1,1,validation,0,train,1,23
8880260200479854407,-8886004289695475877,-4936183704681228123,-2627328975091251100,0,benign,1,0,train,0,train,0,23
8880260200479854407,-8886004289695475877,-3753523800793676136,5538798468133109554,0,benign,1,0,train,0,train,0,23
8880260200479854407,-8886004289695475877,3584656567884518809,-2845750842455380299,0,benign,1,0,train,0,train,0,51
8880260200479854407,-8886004289695475877,4610330210932234530,-8372685182853614371,0,benign,1,1,validation,0,train,1,23
8885042913844490068,-4719007520896283542,-7234121376195220043,7537332244155690274,0,benign,1,1,validation,1,validation,0,23
8885042913844490068,-4719007520896283542,-6113249221342834823,2294439441417286323,0,benign,1,2,test,1,validation,1,23
8885042913844490068,-4719007520896283542,7698213510300253500,789770850487352434,0,benign,1,1,validation,1,validation,0,23
8894867965457570797,-2459054845367707821,-8206788202464576560,6203730224984407926,0,benign,1,0,train,0,train,0,51
8894867965457570797,-2459054845367707821,-2899756298953449845,1704811634838841489,0,benign,1,2,test,0,train,1,23
8894867965457570797,-2459054845367707821,5559150287576281023,3577027485205589682,0,benign,1,0,train,0,train,0,51
9007010423060102463,2614413688449888380,-8884982951034478451,8644425639751433958,0,benign,1,0,train,0,train,0,23
9007010423060102463,2614413688449888380,-3565124055969846976,-5760377882348570158,0,benign,1,0,train,0,train,0,51
9007010423060102463,2614413688449888380,1711753859248227900,7561397697963533839,0,benign,1,1,validation,0,train,1,23
9078911088307777762,913110288243244976,-5830711592257638521,4976763775192593198,0,benign,1,1,validation,0,train,1,23
9078911088307777762,913110288243244976,3809275062600140993,6703112661424459694,0,benign,1,0,train,0,train,0,23
9082530232297001292,748254346378363064,-3143198379020519359,-1677068018777018022,0,benign,1,0,train,0,train,0,51
9082530232297001292,748254346378363064,4715820373276898974,4025877311713153487,0,benign,1,0,train,0,train,0,23
9082530232297001292,748254346378363064,5683588525560461051,-6589121592399624046,0,benign,1,1,validation,0,train,1,51
9094960964065249162,1822067739037880865,-1559237162093904820,6677666045239244271,0,benign,1,0,train,0,train,0,51
9094960964065249162,1822067739037880865,-566759220862902657,6066951271706989995,0,benign,1,1,validation,0,train,1,23
9094960964065249162,1822067739037880865,-15926386416324898,1503674836682567504,0,benign,1,0,train,0,train,0,23
9149699796681629002,-5770480992188233660,3332450346706357668,-916809588120808153,0,benign,1,0,train,0,train,0,51
9149699796681629002,-5770480992188233660,6149635980193323562,-4295483852442750942,0,benign,1,2,test,0,train,1,51
